model,EM,F1,Recall@K,Hallucination,Confidence
unsloth/Qwen2.5-7B-Instruct-bnb-4bit,0.024390243902439025,0.22960566272852237,0.9024390243902439,0.9057514318605748,0.36044372836264166
unsloth/mistral-7b-instruct-v0.3-bnb-4bit,0.0,0.2604554775764363,0.9024390243902439,0.9534425212115776,0.3365981836871403
