{
  "dataset": "nvidia/TechQA-RAG-Eval (train)",
  "num_samples": 20,
  "supervised_overfit": true,
  "initial_em": 0.6,
  "final_em": 0.75,
  "em_gain": 0.15000000000000002,
  "initial_f1": 0.6205128205128205,
  "final_f1": 0.7666666666666667,
  "f1_gain": 0.1461538461538462,
  "avg_retrieval_improvement": 0.12765366466955413,
  "source_jsonl": "benchmark_outputs/techqa_eval_results_20_targetA_20260412.jsonl"
}