{
  "dataset": "nvidia/TechQA-RAG-Eval (train)",
  "num_samples": 20,
  "supervised_overfit": false,
  "initial_em": 0.0,
  "final_em": 0.0,
  "em_gain": 0.0,
  "initial_f1": 0.07807045809801723,
  "final_f1": 0.08357761004255655,
  "f1_gain": 0.0055071519445393236,
  "avg_retrieval_improvement": -0.001940222061239183,
  "source_jsonl": "benchmark_outputs/techqa_eval_results_20_semimem_20260412_1336.jsonl"
}