rag_variant,qid,question,prediction,gold_answer,pathway,reliability_score,ndcg_at_3,mrr_at_3,recall_at_3,semantic_similarity,rouge_l,f1_score,latency_seconds,abstained,abstain_was_correct,hypothetical_f1
vanilla,3291,"How can I find a high-risk, high-reward investment that is not strongly correlated with the U.S. economy?","Finding a high-risk, high-reward investment that is not strongly correlated with the U.S. economy is challenging and may require taking on ""uncorrelated bets."" According to the context provided, this could involve considering assets that are less influenced by U.S. economic conditions. One example mentioned is betting against Israeli bonds, as suggested by Alfredo Viegas from Knight Capital Group. This approach exploits","""These days almost all risky assets move together, so the most difficult criterion to match from your 4 will be """"not strongly correlated to the U.S. economy.""""  However, depending on how you define """"strongly,"""" you may want to consider the following: Be careful, you are sort of asking for the impossible here, so these will all be caveat emptor type assets. EDIT: A recent WSJ article talks about what some professional investors are doing to find uncorrelated bets. Alfredo Viegas, an emerging-markets strategist for boutique brokerage Knight Capital Group, is encouraging clients to bet against Israeli bonds. His theory: Investors are so focused on Europe that they are misjudging risks in the Middle East, such as a flare-up in relations between Israel and Iran, or greater conflict in Egypt and Syria. Once they wake up to those risks, Israeli bonds are likely to tumble, Mr. Viegas reasons. In the meantime, the investment isn't likely to be pushed one way or another by the European crisis, he says.""",Direct,0.0,0.7039180890341347,1.0,0.6666666666666666,0.7712384462356567,0.1610169491525424,0.27586206896551724,9.715795040130615,False,,
vanilla,3296,What does “netting” mean in this passage?,"In this passage, ""netting"" refers to combining cash inflows and outflows to create a single transaction. Specifically, it involves subtracting the total outflows from the total inflows to determine the net effect. For example, if you make two trades with your broker in one day—buying a security for $100 and selling it for $110—the transactions are net","""netting means to combine cash inflows and outflows (e.g. debits/credits, payments/receipts, income/expense) by subtracting the sum of all outflows from the sum of all inflows, creating one transaction.   For example, if you make two trades in one day with your broker - one to buy a security for $100 and one to sell it for $110 - rather then you sending your broker $100 and them sending you $110, the transactions are """"netted"""" - meaning they will send you the """"net"""" amount of $10 ($110 inflow - $100 outflow). In a more general sense (""""netting of instructions"""") it would mean to combine all instructions and only apply the """"net"""" effect - e.g. one step forward, two steps back would combine to a """"net"""" one step back.  Most likely it will apply to the exchange of money, but it could be applied more broadly. Note that there doesn't have to be both inflows and outflows. You can also """"net"""" multiple inflows (or outflows) into one transaction by just adding them all up, but typical business usage is to reduce the number of transactions by combining inflows and outflows.""",Direct,0.0,1.0,1.0,1.0,0.9494097232818604,0.30769230769230765,0.37301587301587297,10.042954921722412,False,,
vanilla,3300,At what point should I begin paying off student loans?,"For unsubsidized federal student loans, you should begin paying off the principal once you graduate and enter your repayment period. For subsidized loans, no interest accrues while you are in school, so you can focus on other debts or savings if you have them. If you have other debts with higher interest rates or worse terms, those should be prioritized for repayment. Once those are paid off, you","""Everyone has made some good points that I was going to mention but to put it in terms that might make it easier to decide. As stated by others, paying off debt and being free is always the goal and desirable. However, you must also consider the """"efficiency"""" of what you do as well. For example, there are two common types of student loans (there are others but let's focus on these) and that is subsidized and unsubsidized. The main difference? Subsidized loans don't earn interest on your balance while you are in school, it only happens when you graduate and come out of repayment grace period. Unsubsidized loans begin accumulating interest the moment they are disbursed, but you are not required to make payments on them until you graduate. All student loans are deferred until you graduate and exhaust your grace period or other means of deferring your payment, say for example a postponement or forbearance. However, it is often recommended that on UNSUBSIDIZED loans, you pay down your principle while still in school to avoid that massive interest amount that will get added to it when you are officially in repayment. On the other hand, it is often (if not always) recommended that you hold off on paying SUBSIDIZED loans until you are done and go into repayment, as for all intents and purposes its not costing you anything extra to wait. Family and parent loans are considered and treated more like personal loans, so treat them as such. Hope that helps. Also, don't forget to take advantage of the income based repayment options, as they will make the payments manageable enough to avoid making them a burden while you are trying to get a job and go post education. Further reading:  Income-Driven Plans (Department of Education) Income-Driven Repayment Plans (nelnet)""",Direct,0.0,0.7039180890341347,1.0,0.4,0.7425768375396729,0.13297872340425532,0.22994652406417113,9.103177547454834,False,,
vanilla,3312,Why can't I withdraw the $57 in my account?,"The context does not provide specific reasons why $57 cannot be withdrawn from the account. To accurately answer why you can't withdraw the $57, more details about the account type, plan document, and any applicable rules would be needed. The previous statements suggest that the availability of in-service withdrawals may vary depending on the plan document and compliance with 404(c) of ERISA,","Is there a debit card accessing this account?  When you spend money on a debit card for certain item, including, but not limited to gas, restaurant, hotel, a bit extra is held in reserve. For example, a $100 restaurant charge might hold $125, to allow for a tip. (You're a generous tipper, right?) The actual sales slips my take days to reconcile.  It's for this reason that I've remarked how credit cards have their place. Using debit cards requires that one have more in their account than they need to spend, especially when taking a trip including hotel costs.",Direct,0.0,0.0,0.0,0.0,0.352342426776886,0.08383233532934131,0.10843373493975904,8.350711584091187,False,,
vanilla,3350,"Is A Company Abusing The Tax Code When It Does This, And How Does The IRS Prevent It?","The context provided does not indicate that companies are abusing the tax code through the practices described. The use of tax arbitrage and variations of Hollywood accounting, while potentially controversial from an ethical standpoint, are not explicitly mentioned as abusive practices by the IRS. These methods are described as common tactics used by large companies to maximize shareholder value, which is within their legal duty.

The IRS primarily prevents abuse of the tax","A rather good IRS paper on the topic states that a donation of a business' in-kind inventory would be  Under IRC 170(e)(1), however, the fair market value must be   reduced by the amount of gain that would not be long-term capital gain if the   property had been sold by the donor at the property's fair market value (determined   at the time of the contribution). Under this rule, deductions for donated inventory   are limited to the property's basis (generally its cost), where the fair market value   exceeds the basis.  There are references to IRC regulations in a narrative context you may find helpful: This paper goes on for 16 pages describing detailed exceptions and the political reasons for the exceptions (most of which are concerned with encouraging the donation of prepared food from restaurants/caterers to hunger charities by guaranteeing a value for something that would otherwise be trashed valueless); and a worked out example of fur coats that had a cost of goods of $200 and a market value of $1000.",Direct,0.0,0.0,0.0,0.0,0.40636542439460754,0.112,0.1935483870967742,9.389960050582886,False,,
vanilla,3353,Why did the stock chart for Facebook's first trading day show an initial price of $42 when the IPO price was $38?,"The stock chart for Facebook's first trading day showed an initial price of $42 because this price reflected the balance point between the bid and ask prices in the secondary market, rather than the IPO price of $38. After the IPO, the stock traded in the secondary market where its price was driven by supply and demand, leading to an opening price higher than the IPO price due to strong initial","The IPO price is set between the underwriters and the specialist in the NASDAQ. There are a lot of complexities on how to get to this price, everyone is trying to pull to their own side. In the Facebook example, the price was $38 for all IPO participants. Then, once the IPO went to the secondary market, the bid/ask drove the pricing.  At the secondary market the price is driven by the demand and offer of the stock.  That is, people who wanted to buy right after the IPO likely drove the initial price up.",Direct,0.0,1.0,1.0,1.0,0.7089982032775879,0.29761904761904767,0.511904761904762,9.940165758132935,False,,
vanilla,3413,Why are for-a-fee wires faster than 2+ day free ACH,"For-fee wire transfers settle immediately and irrevocably, whereas ACH transfers do not immediately settle and can take several days or weeks after the transaction date. This delay in ACH settlement is due to the batch processing nature of ACH transactions and the need for multiple parties to clear the funds, which can introduce additional time for processing and confirmation.","""ACH transfers are the evolution of paper check clearing houses. Transactions are conducted in bulk and do not immediately settle -- the drawer and drawee still retain liability for a period of days or weeks after the transaction date. (I'd suggest looking to the legal definition of a check or draft to understand this better.) A for-fee wire transfer still goes through an intermediary, but settle immediately and irrevocably. Wire transfers are analogous to handing cash to someone.  In the US, the various Federal Reserve banks are involved because they are the central banks of the the United States.  In the past, bank panics were started or exacerbated when banks would refuse to honor drafts drawn on other banks of questionable stability. Imagine what would happen today if your electric company refused to accept Bank of America or Citibank's check/ACH transactions? Wouldn't you get withdraw every penny you could from BoA? During the 1907 banking panic, many solvent banks collapsed when the system of bank """"subscriptions"""" (ie. arrangements where small town banks would """"subscribe"""" to large commercial banks for check clearing, etc) broke down. Farmers, small business people and individuals lost everything, all because the larger banks would not (or could not) risk holding drafts/checks from the smaller banks.""",Direct,0.0,1.0,1.0,1.0,0.6261674165725708,0.17518248175182483,0.2564102564102564,8.117528438568115,False,,
vanilla,3441,ETF's for early retirement strategy,"For an early retirement strategy, consider splitting your investments between VTI Vanguard Total Stock Market ETF and VEU Vanguard FTSE All-World ex-US ETF. This approach allows you to diversify globally while keeping costs low and managing risk appropriately. The VTI ETF provides exposure to the U.S. stock market, while the VEU ETF offers international exposure, excluding the U.S. This split can be","""If your intention is to purchase ETFs on a regular basis (like $x per month), then ETFs may not make sense.  You may have to pay a fixed transaction cost like you were buying a stock for each purchase.  In a similar no load mutual fund, there are more likely to be no transaction costs (depending on how it is bought).   The above paragraph is not very definitive, and is really dependent upon how you would purchase either ETFs or Mutual funds.  For example if you have a Fidelity brokerage account, they may let you buy certain ETFs commission free.  Okay then either ETFs make great sense.  It would not make sense to buy ones that they charge $35 per transaction if you have regular transactions that are smallish. The last two questions seem to be asking if you should buy MF or buy stocks directly.  For most people the later is a losing proposition.  They do not have the time or ability to buy stocks directly, effectively.  Even if they did they may not have the capital to make enough of a difference when one considers all the cost involved.  However, if that kind of thing interests you, perhaps you should dabble.  Start out small and look at the higher costs of doing so as part of the """"cost of doing business"""".""",Direct,0.0,0.0,0.0,0.0,0.5306607484817505,0.08996539792387542,0.09756097560975609,9.818399429321289,False,,
vanilla,3449,Why do companies award stock as opposed to cash?,"Companies may award stock instead of cash for several reasons:

1. **Employee Motivation**: Stock awards can make employees feel more invested in the company's success since their financial gain is tied to the company's performance. This can theoretically motivate them to work harder.
2. **No Immediate Cash Outflow**: Providing stock does not directly reduce the company’s liquid cash, which can be crucial for maintaining daily","There are a few reasons, dependent on the location of the company.  The first, as you mentioned is that it means that the employee is invested in the companies success - in theory this should motivate the employee to work hard in order to increase the value of their holdings. Sometimes these have a vestment period which requires that they hold the stock for a certain amount of time before they are able to sell, and that they continue working at the company for a certain amount of time. The second, is that unlike cash, providing stocks doesn't come out of the companies liquid cash. While it is still an expense and does devalue the shares of other shareholders, it doesn't effect the daily working capital which is important to maintain to ensure business continuity. And the third, and this is for the employee, is tax reasons. In particular for substantial amounts. Of course this is dependent on jurisdiction but you can often achieve lower tax rates on receiving shares vs a cash equivalent sum, as you can draw out the money over time lowering your tax obligation each year, or other methods which aren't possible to look into now. Hope this helps.",Direct,0.0,0.6309297535714575,0.5,1.0,0.8063167929649353,0.14652014652014653,0.23357664233576636,9.089212894439697,False,,
vanilla,3507,What happens if futures contract seller defaults?,"If the seller of a futures contract defaults, several steps may be taken:

1. **Billing by Intermediary**: The buyer may be billed by an intermediary such as a Prime Broker or clearinghouse that facilitated the contract.

2. **Netting Mechanism**: The contract may stipulate that a broker can net off any outstanding payments against the defaulted position or pay out using deposited cash or posted margins","""MD-Tech answered: The answer is in your question: derivatives are contracts so are enforced in the same way as any other contract.  If the counterparty refuses to pay immediately they will, in the first instance be billed by any intermediary (Prime Broker etc.) that facilitated the contract. If they still refuse to pay the contract may stipulate that a broker can """"net off"""" any outstanding payments against it or pay out using deposited cash or posted margins. The contract will usually include the broker as an interested party and so they can, but don't need to, report a default (such that this is) to credit agencies (in some jurisdictions they are required to by law). Any parties to the trade and the courts may use a debt collection agency to collect payments or seize assets to cover payment. If there is no broker or the counterparty still has not paid the bill then the parties involved (the party to the trade and any intermediaries) can sue for breach of contract. If they win (which would be expected) the counterparty will be made to pay by the legal system including, but not limited to, seizure of assets, enforced bankruptcy, and prison terms for any contempts of court rulings. All of this holds for governments who refuse to pay derivatives losses (as Argentina did in the early 20th century) but in that case it may escalate as far as war. It has never done so for derivatives contracts as far as I know but other breaches of contract between countries have resulted in armed conflict. As well as the """"hard"""" results of failing to pay there are soft implications including a guaranteed fall in credit ratings that will result in parties refusing to do business with the counterparty and a separate loss of reputation that will reduce business even further. Potential employees and funders will be unwilling to become involved with such a party and suppliers will be unwilling to supply on credit. The end result in almost every way would be bankruptcy and prison sentences for the party or their senior employees. Most jurisdictions allow for board members at companies in material breach of contract to be banned from running any company for a set period as well. edit: netting off cash flows netting off is a process whereby all of a party's cash flows, positive and negative, are used to pay each other off so that only the net change is reflected in account balances, for example: company 1 cash flows netting off the total outgoings are 3M + 500k = 3.5M and total incomings are 1.2M + 1.1M + 1.2M = 3.5M so the incoming cash flows can be used to pay the outgoing cash flows leaving a net payment into company1's account of 0.""",Direct,0.0,0.6309297535714575,0.5,1.0,0.721340537071228,0.13457943925233645,0.18994413407821228,10.72957444190979,False,,
vanilla,3513,US Citizen Buying Rental Property in Canada,"US Citizen Buying Rental Property in Canada:

- **Provincial Considerations:** When considering purchasing rental property in Canada, especially in provinces like Quebec, you or someone involved in the transaction should be able to operate in the French language. Different provinces may have unique requirements and regulations.

- **Currency:** The Canadian dollar (CAD) is the currency used in Canada. If you are a US citizen looking to","""You've asked a number of questions. I can answer a few. I've quoted your question before each answer.   What are the ins and outs of a foreigner like myself buying rental   property in Canada? This is a pretty broad question which can address location, finances, basic suggestions etc.  Here's some things to consider: Provincial considerations:  Some ins and outs will depend on what province you are considering and what area in that Province. If you plan on owning in Montreal, for example, that's in the province of Quebec and that means you (or someone) will need to be able to operate in the French language. There are other things that might be different from province to province. See stat info below. Canadian vs. US Dollar:  Now might be a great time to buy property in Canada since the Canada dollar is weak right now. To give you an idea, at a non-cash rate of 1.2846, a little over $76,000 US will get you over $100k Canadian. That's using the currency converter at rbcroyalbank.com.  Taxes for non-resident rental property owners:  According to the T4144 Income Tax Guide for Electing Under Section 216 – 2015: """"When you receive rental income from real or immovable property in Canada, the payer, such as the tenant or a property manager, has to withhold non-resident tax at the rate of 25% on the gross rental income paid or credited to you. The payer has to pay us the tax on or before the 15th day of the month following the month the rental income is paid or credited to you."""" If you prefer to send a separate Canadian tax return, you can choose to elect under section 216 of the Income Tax Act. A benefit of this way is that """"electing under section 216 allows you to pay tax on your net Canadian-source rental income instead of on the gross amount. If the non-resident tax withheld by the payer is more than the amount of tax payable calculated on your section 216 return, [they] will refund the excess to you.""""  You can find this guide at Canada Revenue's site: http://www.cra-arc.gc.ca/E/pub/tg/t4144/README.html Stats: A good place for stats is the Canada Mortgage and Housing Corporation (CMHC).  So, if you are interesting in vacancy rates for example, you can see a table that will show you that the vacancy rate in Ontario is 2.3% and in British Columbia it's 1.5%.  However, in New Brunswick it's 8%. The rate for metropolitan areas across Canada is 2.8%.  If you want to see or download this table showing the vacancy rates by province and also by metropolitan areas, go to the Canada Mortgage and Housing Corporation site http://www.cmhc.ca/housingmarketinformation/.  You can get all sorts of housing information, reports and market information there.  I've done well with Condos/Town-homes and would be interested in the   same thing over there. Is it pretty much all the same? See the stat site mentioned above to get market info about condos, etc. What are the down payment requirements? For non-owner occupied properties, the down payment is at least 20%. Update in response to comments about being double taxed: Regarding being taxed on income received from the property, if you claim the foreign tax credit you will not be double taxed. According to the IRS, """"The foreign tax credit intends to reduce the double tax burden that would otherwise arise when foreign source income is taxed by both the United States and the foreign country from which the income is derived.""""  (from IRS Topic 856 - Foreign Tax Credit)   About property taxes: From my understanding, these would not be claimed for the foreign tax credit but can be deducted as business expenses. There are various exceptions and stipulations based on your circumstance, so you need to read Publication 856 - Foreign Tax Credit for Individuals.  Here's an excerpt: """"In most  cases,  only  foreign  income  taxes  qualify for the foreign tax credit. Other taxes, such as foreign real and personal property taxes, do not qualify.  But  you  may  be  able  to  deduct  these other  taxes  even  if  you  claim  the  foreign  tax credit for foreign income taxes. In most cases, you can deduct these other taxes  only  if  they  are  expenses incurred  in  a trade  or  business  or  in  the  production  of  in­come.  However,  you  can  deduct  foreign  real property taxes that are not trade or business ex­penses  as  an  itemized  deduction  on  Sched­ule A (Form 1040)."""" Disclaimers:  Sources: IRS Topic 514 Foreign Tax Credit and Publication 856 Foreign Tax Credit for Individuals""",Direct,0.0,1.0,1.0,1.0,0.7675511837005615,0.08644859813084113,0.11737089201877934,9.366032123565674,False,,
vanilla,3535,"When a company liquidates, are earlier investors paid back first?","When a company liquidates, earlier investors are typically paid back before later investors. Specifically, the order of repayment generally follows this hierarchy:

1. Taxes
2. Sunday debtors (short-term creditors)
3. Bank loans
4. Deposits raised by the company
5. Debentures
6. Shareholders, starting with those who invested earliest (commonly referred to as preferred shareholders","This would be governed by bankruptcy law... there is no reason a healthy company would take such action. This would be a long drawn process generally amongst debtor the taxes have higher claim, then Sunday debtors (payable), then bank loans... This is followed by loan raised by company deposits then debentures... even among share holders there can be special shares...  More often most shares are equal and the balance is distributed to all.",Direct,0.0,0.46927872602275644,1.0,0.3333333333333333,0.4594569206237793,0.20312499999999997,0.28346456692913385,9.449796676635742,False,,
vanilla,3592,Is it possible to influence a company's actions by buying stock?,"Yes, it is possible to influence a company's actions by buying stock, particularly if you purchase a significant number of voting shares. With enough shares, you can influence the board and thus the direction of the company. However, owning shares does not automatically give you a say; you need to attend the Annual General Meeting (AGM) and vote on issues presented by the board. Influence is limited to","Another form of 'shareholder' activism. You might be able to buy a single share, which it seems would cost around $35, attend the AGM, and ask questions and/or shout or sing and delay proceedings. There would certainly be security guards or police ready to remove protesters at an AGM.",Direct,0.0,0.46927872602275644,1.0,0.2,0.5922026634216309,0.1512605042016807,0.1848739495798319,10.100669622421265,False,,
vanilla,3608,"For a major expensive home renovation (e.g. addition, finished basement, or new kitchen) should one pay cash or finance with a loan? Would such a loan be “good” debt?","For a major expensive home renovation, the decision between paying cash or financing with a loan depends on several factors including your financial situation, ability to repay the debt, and long-term financial goals. According to the context provided, borrowing can be a good option if:

1. **Interest Rates Are Low**: If current interest rates are favorable, refinancing could allow you to lower your monthly payments and potentially save",Reasons to pay with cash Reasons to borrow Things to watch out for,Direct,0.0,0.7653606369886217,1.0,0.4,0.5575194358825684,0.12195121951219513,0.14814814814814817,10.273822784423828,False,,
vanilla,3704,Do Banks Cause Inflation?  What are other possible causes?,"Yes, banks can contribute to inflation, particularly through monetary inflation. For every dollar of deposits, banks can make $5 or $10 of loans, increasing the money supply and potentially leading to inflation when there are too many dollars chasing too few goods. However, banks are not the primary cause of inflation according to mainstream economic theories.

Other possible causes of inflation include:

1. **Cost Push In","""Some people believe that inflation is caused by an increase in the money supply when the banks engage in fractional reserve lending. Is this correct? You are referring to the Austrian school of thought. The Austrians define inflation in terms of money supply. In other words, inflation is defined as an increase in the aggregate money supply, even if prices stay the same of fall. This is not the only definition of inflation. The mainstream defines inflation as a general increase in the prices of consumer goods. Based on the first definition, then your supposition is correct by definition. Based on the second definition, you can make a case that money supply affects prices. But keep in mind, it's just one factor affecting prices. Furthermore, economics is resistant to experimentation, so it is difficult to establish causality. Austrian economists tend to approach the problem of """"proof"""" using a 2-pronged tactic: establish plausibility by explaining the mechanism, then look for historical evidence to back up that explanation. As I understand it, when there is more available money in the market, the price of goods will increase. But will a normal merchant acknowledge the increase of money supply and raise prices immediately? I posit that, in the short run, merchants won't increase prices in response to increased money supply. So, why does increased money supply lead to price inflation? The simple answer, in the Austrian school of thought, is that you have more money chasing the same amount of goods. In other words, printing money doesn't actually increase the number of widgets made. I believe the Austrian school is consistent with your supposition that prices don't increase in the short run. In other words, producers don't increase prices immediately after observing an increase in the money supply. Specifically, after the banks print more notes, where will the money be distributed first?  The Austrian story goes as follows: Imagine that the first borrower is a home constructor, and he is borrowing freshly """"printed"""" money to build new homes. This constructor will need to buy materials and hire labor to build homes, and in doing so he will bid against other home constructors. The increased demand for lumber, nails, tools, carpentry, etc. will ever so slightly increase the market prices for these goods and services. So the money goes first to the borrower, but then flows also to the people selling to the borrower, and the people selling to the sellers, etc. It has a ripple effect. Who will be the first one to have a need to rise their price? These producers won't need to increase their price, but they will choose to do so if the believe that demand outstrips supply. In other words if you have more orders than you can fill, then you may post higher prices because you think consumers will tolerate the higher price.  You might object that competition deters any one producer from unilaterally raising prices, but in fact if all producers are failing to keep up with demand, then you can unilaterally raise prices because other producers don't have any excess inventory to undercut you with.""",Direct,0.0,0.7653606369886217,1.0,0.6666666666666666,0.6177278757095337,0.07744107744107745,0.11129848229342328,10.246696949005127,False,,
vanilla,3706,Isn't an Initial Coin Offering (ICO) a surefire way to make tons of money?,"No, an Initial Coin Offering (ICO) is not a surefire way to make tons of money. Many ICOs involve scams or projects with little to no practical application or potential for success. Even among legitimate ICOs, making significant profits requires careful research into the project's team, whitepaper quality, and overall viability. Additionally, the lack of reliable trading capabilities on exchanges can make it difficult to","There is no sure thing in investing. Everything has a risk component. Sure, people talk about these cryptocurrencies like they have nowhere to go but up, but there are massive risks with these. For example, they could be declared illegal, the exchanges could go bankrupt (and some have), the backing companies off the ICOs could fail, the algorithms behind them could have a fatal flaw with unknown consequences, they can be stolen in unusual ways, everyone could suddenly realize that they have no real value...",Direct,0.0,1.0,1.0,0.75,0.6304233074188232,0.11920529801324502,0.17218543046357615,11.24251103401184,False,,
vanilla,3757,"Do I need to start a 529 plan for each child (2 separate plans), or can I just open one 529 plan and let both children use it?","You can open one 529 plan and let both children use it. However, you would need to manage the beneficiary changes if both children are in college simultaneously. Additionally, you should consider the annual contribution limits and how they apply to a single 529 plan versus separate plans. If you plan to contribute gift money, ensure that the contributions align with the rules for 529","""Create one account.   You can change the beneficiary of the plan (even to nephews, nieces, yourself or your wife) as many times as you need so long as you are spending the money on valid educational expenses. Are you 100% sure both of your kids are going to college?  If you aren't really 100% sure, a single account that you can move between them is the best bet. Also, having recently looked in 529 plans, here are some things you have probably already thought about. Look up good 529 plans here: http://www.clarkhoward.com/news/education/preparing-for-college/clarks-529-guide/nFZS/ EDIT: I don't think you can worry about fairly dividing the money up.  I can see your wanting to be fair but what is more important, school or fairly dividing the money?   A 529 is money only for school.  Assuming your kids aren't the same age and won't go to the same school, their expenses will likely be different.  The younger kid will benefit from more interest from a longer investment, but suffer from having higher costs. So if you want to insure both kids got $50K (for example) from you by the time it is all said and done, I think you would have to make that up from your own pocket.  If only one child goes to school, any money you give the other for starting their own business couldn't come from the 529 without big tax penalties. Depending on your position and finances you could state something like """"I will cover your college expenses up to $50K"""" and then that is that.  Just monitor your 529 and shoot for having $100K in the account by the time they are both college age.  That runs a risk though, because if one child doesn't go to school your money is locked up for a while or will have tax issues.""",Direct,0.0,1.0,1.0,1.0,0.7804803252220154,0.11917098445595853,0.193717277486911,10.813345193862915,False,,
vanilla,3766,Why is property investment good if properties de-valuate over time?,"Property investment can still be good despite properties devaluing over time due to several factors:

1. **Rent Income**: Properties generate income through rent payments from tenants, which can cover and exceed the annual depreciation in value.

2. **Land Value Appreciation**: The land component of a property often appreciates over time, especially in desirable locations. Even if the building itself depreciates, the land value",,Direct,0.0,1.0,1.0,0.3,0.0,0.0,0.0,10.827797412872314,False,,
vanilla,3793,Visitor Shopping in the US: Would I get tax refund? Would I have to pay anything upon departure?,"For most visitors shopping in the US, you would not get a tax refund for sales taxes paid, as the US generally does not offer refunds for sales taxes unlike some other countries. However, in a few states like Louisiana and Texas, you can get a sales tax refund for tangible items purchased at designated tax-free stores and permanently removed from the United States. 

Upon departure, you would not need to","The US doesn't have a Value Added Tax, which is the one usually refundable upon departing the country... so sales taxes you pay in this country stay in this country and you don't get a refund. Just remember to treat the tax as an implied part of the price. (And be aware that state and local taxes may vary, so the total price may be higher in one place than in another. New York City adds a few percent on top of the state sales tax, for example.) If you aren't sure how much tax would be, don't be afraid to ask.",Direct,0.0,1.0,1.0,0.75,0.7652599811553955,0.2471910112359551,0.3163841807909604,10.671034097671509,False,,
vanilla,3795,What is Chit funds. And how to invest in it?,"Chit funds are a form of savings and credit arrangement where a group of people pool their money together monthly. The funds are then distributed among the participants through a lottery draw. The person who wins the draw receives the total pooled amount for that month. Over time, each participant will have a chance to win the full amount. Typically, after winning, a participant is removed from future draws until the next","""Chit funds started as group of people pooling money every month and drawing a lot to determine who would get the entire funds that month. For example 5 people pool together Rs 1000/- on first month person """"A"""" gets the draw and takes the Rs 5000/-. Next month again same set of people pool Rs 1000/-, the person who got the money last month is removed from the list and again a draw is made. Thus everyone pays Rs 1000/- for 5 month and gets back Rs 5000/- some sooner and some later. This was done more to buy big ticket purchases, or group of ladies getting together. There is always a leader who would ensure that everyone pays and manages the process. In more business oriented chit fund, unknown people come together and contribute Rs 1000/-. There is a organiser who is a local strong man who runs this and ensures that everyone pays. The variation here is that every month instead of a lucky draw, you can buy for discount. Say this month you need the money badly, you are willing to take only Rs 4800/-, there maybe some one who is more desperate and may say he is OK with only Rs 4600/-. The balance Rs 400 is distributed amongst the other 4 members. Thus the other who had contributed Rs 5000/- over 5 months now get Rs 100 more. The next month this person is eliminated from bidding, and others 4 can bid for Rs 5000 or less. The balance is again re-distributed amongst others. This is typically run by people who do not get loans at good rates from bank and essentially borrow outside the financial industry. The people who are part of this most of the times make good returns / better than banks. But this entire industry is unregulated and hence the Strong man can dupe you, there are cases where people who take the first shot at money vanish without trace. Every city has quite a few of such funds running. It is advisable you do not indulge in such funds.""",Direct,0.0,1.0,1.0,1.0,0.7602142095565796,0.1187648456057007,0.1911421911421911,9.911529779434204,False,,
vanilla,3797,Jointly filing taxes in 2 different states,"Yes, it is possible to jointly file taxes in two different states under the scenario described. If both spouses consider Massachusetts (MA) to be their permanent residence and are staying in a rented place in Pennsylvania (PA), they would file jointly as residents in MA for MA taxes and as nonresidents in PA for PA taxes. The process involves:

1. Filing the MA resident return first, reporting","Both states will want to tax you. Your tax home is where you maintain a domicile, are registered to vote, etc. and you will probably want to keep this as MA since you state that MA is your permanent residence and you are staying in a rented place in PA. But be careful about voter registration; that is one of the items that can be used to determine your state of residence.  OK, so if you and your spouse are MA residents,  you should file jointly as residents in MA and as nonresidents in PA. Do the calculations on the nonresident return first, and then the calculations on the resident  return. Typically, on a nonresident tax return, the calculations are effectively the following: Report all your income (usually AGI from the Federal return).  Call this $X. Compute the PA state tax due on $X.  Note that you follow the rules for nonresidents in doing this, not the calculations used by PA residents. Call the amount of tax you computed as $Y. What part of the total income $X is attributable to PA sources? If this amount is $Z, then you owe PA $Y times (Z/X). On the resident return in MA, you will likely get some credit for the taxes paid to PA, and this will reduce your MA tax burden. Usually the maximum credit is limited to the lesser of actual tax paid to PA and what you would have had to pay MA for the same income. As far as withholding is concerned, your employer in PA will withhold PA taxes as if you are a PA resident, but you can adjust the amount via the PA equivalent of IRS Form W4 so as to account for any additional  tax that might be due because you will be filing as a nonresident.  Else you can pay estimated taxes via the PA equivalent of IRS Form 1040ES. Similarly, your wife can adjust her withholding to account for the MA taxes that you will owe on the joint income, or you can pay estimated taxes to MA too. Note that it is unlikely that your employer in Pennsylvania will withhold  Massachusetts taxes (and send them to Massachusetts) for you, e.g. if it is a ma-and-pa store, but there may be special deals available if  your employer does business in both states, i.e. is a MA-and-PA store.",Direct,0.0,1.0,1.0,1.0,0.7745040655136108,0.1446808510638298,0.2145922746781116,10.482229709625244,False,,
vanilla,3802,Separate bank account for security deposit from tenant,"Yes, a separate bank account for security deposits from tenants is required. This ensures the security deposit is kept separate from the landlord's personal funds and is used only for the purpose of securing the tenant's obligations under the lease. The account must be in a federally insured financial institution and should bear interest, with certain limitations on the interest rate.","Per Md. REAL PROPERTY Code Ann. § 8-203: (d)      (1)      (i)      The landlord shall maintain all security   deposits in federally insured financial institutions, as defined in §   1-101 of the Financial Institutions Article, which do business in the   State. (ii)      Security deposit accounts shall be maintained in branches of the financial institutions which are located   within the State and the accounts shall be devoted exclusively to   security deposits and bear interest. (iii)      A security deposit shall be deposited in an account within 30 days after the landlord receives it. (iv)      The aggregate amount of the accounts shall be sufficient in amount to equal all security deposits for which the   landlord is liable. (2)      (i)      In lieu of the accounts described in paragraph (1) of this subsection, the landlord may hold the security   deposits in insured certificates of deposit at branches of federally   insured financial institutions, as defined in § 1-101 of the Financial   Institutions Article, located in the State or in securities issued by   the federal government or the State of Maryland. (ii)      In the aggregate certificates of deposit or securities shall be sufficient in amount to equal all security   deposits for which the landlord is liable. As such, one or more accounts at your preference; it's up to the bank how to treat the account, so it may be a personal account or it may be a 'commercial' account depending on how they treat it (but it must be separate from your personal funds).  A CD is perhaps the easiest way to go, as it's not a separate account exactly but it's easily separable from your own funds (and has better interest).  You should also note (further down on that page) that you must pay 3% interest, once per six months; so try to get an account that pays as close as possible to that.  You likely won't get 3% right now even in a CD, so consider this as an expense (and you'll probably find many people won't take security deposits in many situations as a result).",Direct,0.0,0.9197207891481876,1.0,1.0,0.6769824028015137,0.12254901960784315,0.2222222222222222,9.116946697235107,False,,
vanilla,3816,How exactly does dealing in stock make me money?,"Dealing in stocks can potentially make you money through capital gains. Specifically, if you purchase a stock at a lower price and then sell it at a higher price, the difference between the selling price and the buying price represents your profit. For example, if you buy a stock priced at $10 and sell it for $25, you make a profit of $15 per share sold.","This is a very good question! The biggest difference is that when you put money in a savings bank you are a lender that is protected by the government, and when you buy stocks you become an owner. As a lender, whether the bank makes or loses money on the loans it makes, they still maintain your balance and pay you interest, and your principal balance is guaranteed by the government (in the USA). The bank is the party that is primarily at risk if their business does not perform well. As an owner, you participate fully in the company's gains and losses, but you also put your money at risk, since if the company loses money, you do too. Because of this, many people prefer to buy funds made up of many stocks, so they are not at risk of one company performing very poorly or going bankrupt. When you buy stock you become a part owner and share in the profitability of the company, often through a dividend. You should also be aware that stocks often have years where they do very poorly as well as years when they do very well. However, over a long period of time (10 years or more), they have historically done better in outpacing inflation than any other type of investment. For this reason, I would recommend that you only invest in the stock market if you expect to be able to leave the money there for 10 years or more, ideally, and for 5 years at the very least. Otherwise, you may need to take the money out at a bad time. I would also recommend that you only invest in stocks if you already have an emergency fund, and don't have consumer debt. There isn't much point in putting your money at risk to get a return if you can get a risk-free return by paying off debt, or if you would have to pull your money back out if your car broke down or you lost your job.",Direct,0.0,0.5307212739772434,0.5,0.4,0.5957799553871155,0.1075794621026895,0.18137254901960784,8.58004117012024,False,,
vanilla,3864,Can you explain “time value of money” and “compound interest” and provide examples of each?,"Certainly! Let's break down ""time value of money"" and ""compound interest,"" along with providing examples for each.

### Time Value of Money
The **time value of money** refers to the concept that money available at the present time is worth more than the same amount in the future due to its potential earning capacity. This principle is based on the idea that money can be invested and earn interest","""The fundamental concept of the time value of money is that money now is worth more than the same amount of money later, because of what you can do with money between now and later. If I gave you a choice between $1000 right now and $1000 in six months, if you had any sense whatsoever you would ask for the money now. That's because, in the six months, you could use the thousand dollars in ways that would improve your net worth between now and six months from now; paying down debt, making investments in your home or business, saving for retirement by investing in interest-bearing instruments like stocks, bonds, mutual funds, etc. There's absolutely no advantage and every disadvantage to waiting 6 months to receive the same amount of money that you could get now. However, if I gave you a choice between $1000 now and $1100 in six months, that might be a harder question; you will get more money later, so the question becomes, how much can you improve your net worth in six months given $1000 now? If it's more than $100, you still want the money now, but if nothing you can do will make more than $100, or if there is a high element of risk to what you can do that will make $100 that might in fact cause you to lose money, then you might take the increased, guaranteed money later. There are two fundamental formulas used to calculate the time value of money; the """"future value"""" and the """"present value"""" formulas. They're basically the same formula, rearranged to solve for different values. The future value formula answers the question, """"how much money will I have if I invest a certain amount now, at a given rate of return, for a specified time""""?. The formula is FV = PV * (1+R)N, where FV is the future value (how much you'll have later), PV is the present value (how much you'll have now), R is the periodic rate of return (the percentage that your money will grow in each unit period of time, say a month or a year), and N is the number of unit periods of time in the overall time span. Now, you asked what """"compounding"""" is. The theory is very simple; if you put an amount of money (the """"principal"""") into an investment that pays you a rate of return (interest), and don't touch the account (in effect reinvesting the interest you earn in the account back into the same account), then after the first period during which interest is calculated and paid, you'll earn interest on not just the original principal, but the amount of interest already earned. This allows your future value to grow faster than if you were paid """"simple interest"""", where interest is only ever paid on the principal (for instance, if you withdrew the amount of interest you earned each time it was paid). That's accounted for in the future value formula using the exponent term; if you're earning 8% a year on your investment, then after 1 year you'll have 108% of your original investment, then after two years you'll have 1.082 = 116.64% (instead of just 116% which you'd get with simple interest). That .64% advantage to compounding doesn't sound like much of an advantage, but stay tuned; after ten years you'll have 215.89% (instead of 180%) of your original investment, after 20 you'll have 466.10% (instead of 260%) and after 30 your money will have grown by over 1000% as opposed to a measly 340% you'd get with simple interest. The present value formula is based on the same fundamental formula, but it's """"solved"""" for the PV term and assumes you'll know the FV amount. The present value formula answers questions like """"how much money would I have to invest now in order to have X dollars at a specific future time?"""". That formula is PV = FV / (1+R)N where all the terms mean the same thing, except that R in this form is typically called the """"discount rate"""", because its purpose here is to lower (discount) a future amount of money to show what it's worth to you now. Now, the discount rate (or yield rate) used in these calculations isn't always the actual yield rate that the investment promises or has been shown to have over time. Investors will calculate the discount rate for a stock or other investment based on the risks they see in the company's financial numbers or in the market as a whole. The models used by professional investors to quantify risk are rather complex (the people who come up with them for the big investment banks are called """"quants"""", and the typical quant graduates with an advanced math degree and is hired out of college with a six-figure salary), but it's typically enough for the average investor to understand that there is an inherent risk in any investment, and the longer the time period, the higher the chance that something bad will happen that reduces the return on your investment. This is why the 30-year Treasury note carries a higher interest rate than the 10-year T-note, which carries higher interest than the 6-month, 1-year and 5-year T-bills. In most cases, you as an individual investor (or even an institutional investor like a hedge fund manager for an investment bank) cannot control the rate of return on an investment. The actual yield is determined by the market as a whole, in the form of people buying and selling the investments at a price that, coupled with the investment's payouts, determines the yield. The risk/return numbers are instead used to make a """"buy/don't buy"""" decision on a particular investment. If the amount of risk you foresee in an investment would require you to be earning 10% to justify it, but in fact the investment only pays 6%, then don't buy it. If however, you'd be willing to accept 4% on the same investment given your perceived level of risk, then you should buy.""",Direct,0.0,1.0,1.0,0.5,0.7145712971687317,0.06613047363717606,0.09747292418772562,10.479207277297974,False,,
vanilla,3894,Real Estate: Please review my recent investment (with numbers from recent purchase),"Based on the context provided, it appears you are bullish on the real estate market but haven't specified the scope (city, state, nation, or global). Additionally, without specific details about your personal financial situation, such as your marginal tax bracket, state of residence, access to a 401k, and the composition of your overall investment portfolio, it's challenging to provide tailored advice.","""Okay so I am going to break this answer into a couple sections: Okay so first things first. Did you get a good deal? This is challenging to answer for a number of reasons. First, a good deal is relative to the buyers goals. If you're attempting to buy an asset that provides passive income then maybe you met your goal and got a good deal. If you're attempting to buy an asset that provides long term growth, and you purchased above market (I'm speculating of course) then you may have made a bad deal. So how do you determine if you got a good deal? Does your """"Gross Rental Multiplier"""" equal that or is less than that of the average GRM in your area. The lower the better.  So how do you use the GRM to determine if you're getting a good deal? Divide your purchase price by the average city (or area) GRM and that will tell you what you should be getting annually in rent.  You can also use the GRM to determine if a future purchase is over or under priced. Just replace purchase price with asking price.  Alright, so these are the tools you can use to decide if you made a bad business deal or not. There are many ways to skin a cat so to speak. These are the tools I use BEFORE I purchase a home. Many people are penny wise and pound foolish. Take your time when making large purchases. It's OKAY to say PASS.  Okay next thing is this new purchase you're looking at. The number one rule when working a franchise is you don't open a second store until you have a perfect working model to go off of. If you've never had to file a tax return for your current rental. Then you need to wait. If you've never read your local and state rental laws. Then you need to WAIT. If you've never had to leave an event early, wake up in the middle of the night, or get a text while you're on a date from one of your tenants. THEN YOU NEED TO WAIT. Give it a year or two. Just learn the unknown about rental properties. Use your first as your test bed. It's WAY more cheaper then if you make a bad mistake and roll it over multiple properties.  Finally I will leave you with this. No one on this site, myself included, knows everything there is to know about real estate. Anyone that claims they do, send their ass packing. This is a complex COMPLEX business. There is always something to learn and if you don't have the passion to continue learning then hand it off to someone who does. There is tax law, rental law, city repair law, contract law and this doesn't even include the stuff that makes you money, like knowing how to leverage low or no money down loans.  Please take some time and go out and learn.  Good luck! -AR""",Direct,0.0,0.0,0.0,0.0,0.39532041549682617,0.06206896551724137,0.10689655172413795,9.51189637184143,False,,
vanilla,3917,First Time Home Buyer - How much down payment? Where to go for Mortgage?,"For a first-time home buyer, the typical recommendation is to aim for a down payment of around 20% of the home's purchase price. This helps avoid the need for private mortgage insurance (PMI), simplifies the borrowing process, and demonstrates financial responsibility to lenders. With a 20% down payment, you align with the advice given in the context about maintaining a conservative percentage of","You are correct that 20% has an impact on your interest rate, although it is not always hugely significant.  You would have to do your own shopping around to find that information out.  However 20% has an impact that I consider to be far more important than your monthly payment, and that is in your equity.  If the DC market tanks, which I know it has not really done like much of the country but none of us have crystal balls to know if it will or not, then you will be more easily underwater the less you put down.  Conversely putting 20% or more down makes you an easy sell to lenders [i]and[/i] means that you don't have to worry nearly so much about having to do a short sale in the future. I would never buy a house with less than 20% down personally and have lived well below my means to get there, but I am not you. With regards to mortgages, the cheapskate way that I found information that I needed was to get books from the library that explained the mortgage process to me.  When it came time to select an actual broker I used my realtor's recommendation (because I trusted my realtor to actually have my interests at heart because he was an old family friend - you can't usually do that so I don't recommend it) and that of others I knew who had bought recently.  I compared four lenders and competed them against each other to get the best terms.  They will give you estimate sheets that help you weigh not only rates but costs of different fees such as the origination fee and discount points.  Make sure to know what fees the lender controls and what fees (s)he doesn't so that you know which lines to actually compare. Beyond a lender make sure that before closing you have found a title company that you think is a good choice (your realtor or lender will try to pick one for you because that's the way the business is played but it is a racket - pick one who will give you the best deal on title), a settlment company (may be title company, lender, or other) that won't charge you an excessive amount, a survey company that you like if required in DC for your title insurance, and homeowner's insurance coverage that you think is a good deal.  The time between contract and closing is short and nobody tells you to research all the closing costs that on a $500,000 place run to in excess of $10,000, but you should.  Also know that your closing costs will be about 2% of the purchase price and plan accordingly. In general take some time to educate yourself on homebuying as well as neighborhoods and price ranges.  Don't rush into this process or you will lose a lot of money fast.",Direct,0.0,0.0,0.0,0.0,0.6615382432937622,0.07460035523978685,0.13829787234042554,10.85152006149292,False,,
vanilla,3937,Purchasing first car out of college,"Purchasing your first car out of college, given the current economic conditions and uncertainty, would ideally involve buying a used car rather than a new one. A 4-5 year old car from a major dealer would be a good choice as it offers reliability and better value. Alternatively, consider purchasing a less expensive used car, possibly in the $500-$1,000 range","The .9% looks great, but it's not as relevant as the cost of the car itself. There are those who believe that one should never own a new car, that the first X years/miles of a car's life are the most expensive.  The real question is how your budget is allocated. Is the car payment a small sliver or a large slice? How big is the housing wedge?",Direct,0.0,0.0,0.0,0.0,0.5179617404937744,0.14925373134328357,0.2706766917293233,10.317929744720459,False,,
vanilla,3941,Assessed value of my house,"The assessed value of the house mentioned in the context is $122,000, as indicated in the letter from the tax office in January of the previous year.",It is very simple.  You bought the house when prices were near their peak in 2008.  Housing prices have dropped considerably since then which was the main cause of the mortgage debacle because people had houses that were worth less than their mortgages.,Direct,0.0,0.7653606369886217,1.0,0.6666666666666666,0.2833113372325897,0.16901408450704225,0.1971830985915493,5.741808891296387,False,,
vanilla,3944,Is 0% credit card utilization worse than 1-20% credit card utilization for any reason other than pure statistics?,"No, 0% credit card utilization is not worse than 1-20% credit card utilization for any reason other than pure statistics. In fact, maintaining a low utilization rate, even as high as 1-20%, is generally considered beneficial for credit scores. The key is to avoid having a utilization rate of 0% if possible, as this can signal to credit scoring models","One rule of thumb is that having regular activity on at least three different revolving accounts will improve your score: I agree that it may not be a great idea to have too many open credit accounts (Trade Lines) reporting on your credit report but if you don’t have enough active accounts, it will  prevent you from being approved for a home mortgage. Both Conventional (Fannie Mae and Freddie Mac) mortgage loans and Government loans (such as FHA and VA) require that you have a minimum number of reporting trade lines that are active or have been active within the most recent 24 month period of time. An example of meeting the mortgage loan requirement is having a revolving account (credit card) that has been reporting activity for the past 24 months plus 2 other trade lines that have had activity reported for 12 months each, both within the past 24 months.",Direct,0.0,0.2960819109658652,0.5,0.125,0.41122978925704956,0.10232558139534884,0.16901408450704228,10.891330480575562,False,,
vanilla,3988,Difference between Edward Jones or Betterment,"The main difference between Edward Jones and Betterment lies in their business models and services offered:

- **Edward Jones** is a full-service wealth management firm that provides personalized advice and services. They meet with clients in person, offering comprehensive financial planning including retirement, savings, risk assessment, and insurance advice. This service comes at a cost, with clients paying a fixed percentage of their managed wealth annually. Additionally","Instead of saying which one is better, which is too subjective, I think it is more important to understand what these institutions are.  They are kind of different animals. Edward Jones pretty much a full service wealth manager.  They meet with you in person, advise you on what retirement and savings accounts to get, they talk to you to evaluate your risk preferences.  They will talk to you about planning for your kids' college and about your insurance situation. They will probably attend your kids' bar mitzvahs and stuff too.  Of course, this isn't free.  With Edward Jones you will pay a fixed percentage of your managed wealth to them every year.  And they will likely put your money in expensive mutual funds.  And those mutual funds will charge a special 12b-1 fee, which is a kickback to the wealth manager.  Plan on giving 2% or so of your total wealth to the manager per year, plus whatever the mutual funds charge.   I don't have experience with Betterment, but they appear to be a robo advisor.  Robo advisors attempt to do the same kinds of things as wealth managers, but rely on computer algorithms and web pages to give you advice whenever possible.  This makes some sense because most people aren't actually that special in terms of their financial situation.  I don't know their cost structure, but presumably it will be significantly cheaper than Edward Jones.  They will almost certainly put you in cheaper funds (index funds and ETF's).  Think of it as a cost-conscious alternative to Edward Jones. Vanguard is a discount broker and a mutual fund family.  Their funds are among the biggest and cheapest in the world.  Fees on many of these funds will be a fraction of the equivalent funds Edward Jones will put you in.  They will charge you nothing at all to manage your money.  They will give you some assistance and advice if you call them but don't expect any house calls.  They aren't particularly in the business of giving advice.  If you know what you want to invest in, this is the cheapest way to do it by far.  Basically you won't have to pay anything at all except the actual cost of the assets you are investing in. Which is the best?  Depends on your own preferences and ability.  If you do not want to learn about personal finance and don't particularly care about whether you are getting the best return--if you don't mind paying for a personal touch--Edward Jones might be a good choice.  For most people who are comfortable asking this type of question online and interested in learning about finance even a little bit, I'd expect that Betterment or Vanguard will be a better choice.  For people who are willing to learn a bit of finance and manage their own affairs, using Vanguard (or a close competitor, like Fidelity) will ultimately result in the most wealth generated (the least given away to the financial industry).",Direct,0.0,1.0,1.0,1.0,0.7807869911193848,0.09671848013816926,0.15304347826086956,9.991035461425781,False,,
vanilla,3997,How to pay bills for one month while waiting for new job?,"To pay bills for one month while waiting for a new job, you can consider several strategies:

1. **Reduce Expenses**: Make a detailed list of your income and expenses, focusing on reducing or eliminating non-essential spending. Use 6 months of actual bills to create a realistic budget.

2. **Financial Statement**: Prepare a financial statement listing your income, expenses, assets, and liabilities. This","The first thing I would try is to take out a loan from a local credit union. If you don't know of any that you're eligible for, start looking at the National Credit Union Administration's Credit Union Locator. You should be able to get a good rate since your credit is so good. If for whatever reason you can't get the credit union loan, I would open another credit card. Try hard to get the loan though, because using a credit card will most likely be significantly more expensive. If you can't cover your cash-only expenses with cash you already have, make sure that you can get cash from the card. For example, one of my cards regularly sends me checks that I could write to myself to get cash, but be careful with this strategy. Usually the interest is much higher than normal purchases. Either way, until you've paid off this emergency debt and built up an emergency fund of 3-6 months of expenses, cut your expenses as much as possible. This Experian article has some good tips:",Direct,0.0,0.46927872602275644,1.0,0.25,0.4239412546157837,0.12799999999999997,0.17813765182186236,10.436887502670288,False,,
vanilla,4000,Are stock index fund likely to keep being a reliable long-term investment option?,"Stock index funds are likely, but not certainly, to be a reliable long-term investment option. While historical data shows that stock index funds like the S&P 500 have averaged 5-7% annual growth over the past century, there have been significant periods where they underperformed or even lost value. This suggests that assuming they will always perform well in the long term might be an","I think you need a diversified portfolio, and index funds can be a part of that. Make sure that you understand the composition of your funds and that they are in fact invested in different investments.",Direct,0.0,0.23463936301137822,0.3333333333333333,0.16666666666666666,0.5880128145217896,0.17475728155339806,0.21782178217821782,11.3821542263031,False,,
vanilla,4016,"What do the terms par value, purchase price, call price, call date, and coupon rate mean in the context of bonds?","In the context of bonds:

- **Par Value**: This is the face value of the bond, which is the amount the bondholder will receive when the bond matures. It is typically stated in the bond contract and represents the principal amount that must be repaid by the issuer at the bond's maturity date.

- **Purchase Price**: This is the amount paid by the investor to acquire the bond.","""Bonds are valued based on all of this, using the concept of the """"time value of money"""". Simply stated, money now is worth more than money later, because of what you can do with money between now and later. Case in point: let's say the par value of a bond is $100, and will mature 10 years from this date (these are common terms for most bonds, though the U.S. Treasury has a variety of bonds with varying par values and maturation periods), with a 0% coupon rate (nothing's paid out prior to maturity). If the company or government issuing the bonds needs one million dollars, and the people buying the bonds are expecting a 5% rate of return on their investment, then each bond would only sell for about $62, and the bond issuer would have to sell a par value of $1.62 million in bonds to get its $1m now. These numbers are based on equations that calculate the """"future value"""" of an investment made now, and conversely the """"present value"""" of a future return. Back to that time value of money concept, money now (that you're paying to buy the bond) is worth more than money later (that you'll get back at maturity), so you will expect to be returned more than you invested to account for this time difference. The percentage of rate of return is known as the """"yield"""" or the """"discount rate"""" depending on what you're calculating, what else you take into consideration when defining the rate (like inflation), and whom you talk to. Now, that $1.62m in par value may be hard for the bond issuer to swallow. The issuer is effectively paying interest on interest over the lifetime of the bond. Instead, many issuers choose to issue """"coupon bonds"""", which have a """"coupon rate"""" determining the amount of a """"coupon payment"""". This can be equated pretty closely with you making interest-only payments on a credit card balance; each period in which interest is compounded, you pay the amount of interest that has accrued, to avoid this compounding effect.  From an accounting standpoint, the coupon rate lowers the amount of real monies paid; the same $1m in bonds, maturing in 10 years with a 5% expected rate of return, but with a 5% coupon rate, now only requires payments totalling $1.5m, and that half-million in interest is paid $50k at a time annually (or $25k semi-annually). But, from a finance standpoint, because the payments made in the first few years are worth more than the payments made closer to and at maturity, the present value of all these coupon payments (plus the maturity payout) is higher than if the full payout happened at maturity, and so the future value of the total investment is higher.  Coupon rates on bonds thus allow a bond issuer to plan a bond package in less complicated terms. If you as a small business need $1m for a project, which you will repay in 10 years, and during that time you are willing to tolerate a 5% interest rate on the outstanding money, then that's exactly how you issue the bonds; $1 million worth, to mature in 10 years and a 5% coupon rate. Now, whether the market is willing to accept that rate is up to the market. Right now, they'd be over the moon with that rate, and would be willing to buy the bonds for more than their face value, because the present value would then match the yield they're willing to accept (as in any market system, you as the seller will sell to the highest bidder to get the best price available). If however, they think you are a bad bet, they'll want an even higher rate of return, and so the present value of all coupon and maturity payments will be less than the par value, and so will the purchase price.""",Direct,0.0,1.0,1.0,1.0,0.6300796866416931,0.10368349249658936,0.14207650273224046,10.881324291229248,False,,
vanilla,4029,Family suggests my first real estate. Advice?,"Based on the advice provided in the context, it would be wise to decline the family's suggestion to purchase their first real estate investment. The document emphasizes several points against borrowing to invest in real estate at this stage:

1. **High Interest Payments**: Interest payments could significantly reduce potential profits.
2. **Risk Factors**: Tenant issues, property value fluctuations, and other risks are highlighted.
3. **","""Living in one unit of a multi-family while renting out the others, although not without its risks, can be a viable (if gradual) way to build wealth. It's been rebranded recently as """"house hacking"""", but the underlying mechanics have been around for many years (many cities in the Northeast in particular remain chock full of neighborhoods of 3-family homes built and used for exactly that purpose for decades, though now frequently sub-divided into condos).  It's true you'd need to borrow money, but there are a number of reasons why it's certainly at least worth exploring (which is what you seem to be asking -- should you bother doing the homework -- tl;dr: yes): And yes, you would be relying on tenants to meet your monthly expenses, including a mortgage bill that will arrive whether the other units are vacant or not. But in most markets, rental prices are far less volatile than home prices (from the San Francisco Federal Reserve): The main result from this decomposition is that the behavior of the   price-rent ratio for housing mirrors that of the price-dividend ratio   for stocks. The majority of the movement of the price-rent ratio comes   from future returns, not rental growth rates. (Emphasis added) It's also important to remember that rental income must do more than just cover your mortgage -- there's lots of other expenses associated with a rental property, including insurance, taxes, maintenance, vacancy (an allowance for the periods when the property will be empty in between tenants), reserves for capital improvements, and more. As with any investment, it's all about whether the numbers work. (You mentioned not being interested in the """"upkeep work"""", so that's another 8-10% off the top to pay for a property manager.) If you can find a property at an attractive price, secure financing on attractive terms, and can be reasonably confident that it will rent in the ballpark of 1.5-2% of the purchase price, then it might be a fine choice for you, assuming you are willing and able to handle the work of being a landlord -- something worth at least as much of your research time as the investment itself.  It sounds like you're still a ways away from having enough for even an FHA down payment, which gives you a great opportunity to find and talk with some local folks who already manage rental properties in your area (for example, you might look for a local chapter of the national Real Estate Investment Association), to get a sense of what's really involved.""",Direct,0.0,0.46927872602275644,1.0,0.3333333333333333,0.6362955570220947,0.06759443339960237,0.10420841683366733,11.431207180023193,False,,
vanilla,4039,"What exactly can a financial advisor do for me, and is it worth the money?","A financial advisor can provide a range of services including building, managing, or advising on your portfolio, which involves understanding and recommending various investment options such as stocks, ETFs, mutual funds, bonds, insurance, real estate investment trusts (REITs), options, futures, and LEAPS. They can help you allocate your money according to your financial goals and risk tolerance.

Financial advisors can be compensated","In my experience financial advisors do not normally assist with budgeting and personal everyday finance. There certainly are people who do that, but you would normally only consult them when you have financial difficulties, especially debt. The more common find of financial advisor is mostly focussed on advising you about savings and investments. A lot work for banks and investment companies. They will usually advise you for free, the downside being that they will only recommend their company's products. This may or may not be a bad thing, depending on the company. Others will charge you a commission on purchases, and their advice will be more neutral. This question will also be interesting: Are all financial advisors compensated in the same way?",Direct,0.0,1.0,1.0,0.6,0.7365922331809998,0.14054054054054055,0.20540540540540542,10.89478850364685,False,,
vanilla,4060,Will I get taxed on withdrawals from Real Cash Economy games?,"Withdrawals from Real Cash Economy (RCE) games may be subject to taxation depending on the amount withdrawn and the nature of the earnings. Generally, earnings from RCE games could be considered ordinary income, similar to wages or salaries, and thus may be taxable. The specific tax rate would depend on your country's tax laws and your overall income for the year.

In the given context, earning","""Situation #1: I keep playing, and eventually earn 1000 PED. I withdraw   this. Will I get taxed? If so, by how much? This is probably considered an """"award"""", so whatever your country taxes for lottery/gambling winnings would be applicable. If there's no specific taxation on this kinds of income - then it is ordinary income. Situation #2: I deposit $5000, play the game, lose some money and   withdraw PED equal to $4000. Will I get taxed? If so, by how much? Since it is a game, it is unlikely that deducting losses from your income would be allowed.  However, the $4000 would probably not be taxed as income (since you are getting your own money back). Situation #3: I deposit $5000 and use this to buy in-game items. I   later sell these items for massive profits (200%+, this can happen   over the course of 2 years for sure). I withdraw $10000. Will I get   taxed? If so, by how much? Either the same as #1 (i.e.: ordinary income) or as capital gains (although tax authority may argue that this was not a for-profit investment, and capital gains treatment shouldn't be applicable). Will I get taxed on withdrawals from Real Cash Economy games? And do   the taxes apply to the full withdrawal, or only on the profits? Or   only on the profits above a certain amount? Generally income taxes only apply on income. So if you paid $10000 and got back $12000 - only the $2000 is considered income. However some countries may tax full amounts under certain conditions. Such taxes are called """"franchise taxes"""". For a proper tax advice consult with the locally licensed tax adviser.""",Direct,0.0,0.6131471927654584,1.0,0.5,0.6676953434944153,0.12680115273775217,0.2471264367816092,9.488871812820435,False,,
vanilla,4111,Can I predict if it is better to save money in USD or local currency?,"Predicting whether it is better to save money in USD or local currency is challenging and involves significant uncertainty. Factors such as the stability of the local economy, potential inflation rates, and overall economic performance play crucial roles. Given these variables, your best approach might be to diversify your savings across multiple currencies, including USD and EUR, along with a portion in your local currency. This strategy can help mitigate","Typically, the higher interest rates in local currency cover about the potential gain from the currency exchange rate change - if not, people would make money out of it. However, you only know this after the fact, so either way you are taking a risk. Depending on where the local economy goes, it is more secure to go with US$, or more risky. Your guess is as good as anyone. If you see a chance for a serious meltdown of the local economy, with 100+% inflation ratios and possibly new money, you are probably better off with US$. On the other hand, if the economy develops better than expected, you might have lost some percentage of gain. Generally, investing in a more stable currency gets you slightly less, but for less risk.",Direct,0.0,1.0,1.0,1.0,0.7577905654907227,0.14925373134328357,0.2772277227722772,9.97951340675354,False,,
vanilla,4156,What kind of value do retail investors look for in managed futures and fx?,"Retail investors typically look for several key values in managed futures and FX:

1. **Risk Management**: Protection against market volatility and hedging against potential losses.
2. **Potential for Higher Returns**: The opportunity to achieve higher returns compared to traditional investments through leverage and speculative gains.
3. **Diversification**: Adding alternative assets to a portfolio to reduce overall risk and increase diversification.
4. **","""I'm not downvoting you because I can relate, in a way, to your post and I think this is a good topic to have on this site.  We had a question a couple weeks ago where someone, like you, took some friend's money to trade with but didn't know how to give the money back or calculate the net-return.  It is not smart to take and invest other people's money when you have zero industry experience and when you do not understand the legal requirements of handling someone else's money. Within the first 12 months of my brokerage account I had returned something like 150%, I doubled my money plus a bit.  The next year was something like -20%; if I remember correctly the next year was worse, then up again for year four.  Year 1 I thought I was a genius and had figured this whole thing out, year 2 put me in my place and year 3 kicked me while I was down. You have 6 months of pretty solid returns, good for you.  I don't think that means it's time to set up shop.  Really, I think you need to sit down and think long and hard about the implications, legal and otherwise, of holding other people's money.  Running a fund is significantly different than trading your own money.   Retail investors don't, typically, have a good memory.  Great, you made me 17% last year, and 25% the year before but right now I'm down 10%, so give me my money back because I would have been better off in an savings account this year.    This is why index funds are in vogue right now.  Lots of people have had money in active funds that have trailed or matched the """"safe and passive"""" index funds, so they're angry.  Retail folks get jittery the instant they lose money, no matter how much.  You need to be ready to contend with """"What have you done for me lately?"""" the instant something turns negative, no matter how positive your returns have been. At your stage in the game you should get a job and continue putting your own money in to your own system and be ready to lose some of it.  I doubt there is anyone outside your immediate family who will hand a random 18 year-old kid any significant amount of money to trade their system based on 6 months of success; certainly not more than you have in there currently.""",Direct,0.0,0.0,0.0,0.0,0.47688528895378113,0.057613168724279844,0.08677685950413223,9.502277374267578,False,,
vanilla,4164,Where should I be investing my money?,"Based on the context provided, you should consider a balanced approach to investing your money. Given your timeframe, risk tolerance, and the advice from Doc, you might explore options such as:

- LendingClub for potential higher returns.
- Bonds for stability and lower risk.
- Stocks for growth potential.
- Index funds or individual stocks in areas you understand well, though Doc advises against index funds for commodities","""Pay off your debt.  As you witnessed, no """"investment"""" % is guaranteed.  But your debt payments are... so if you have cash, the best way to """"invest"""" it is to pay off your debt.  Since your car is depreciating while your house may be appreciating (don't know but it's possible) you should pay off your car loan first.  You're losing money in more than one way on that investment.""",Direct,0.0,0.0,0.0,0.0,0.4294787645339966,0.10370370370370371,0.17266187050359713,9.86659860610962,False,,
vanilla,4177,Why would a country want to use the currency of some other country?,"A country might want to use the currency of some other country to stabilize its own currency's value, simplify trade, or benefit from the perceived strength or stability of another currency. For instance, if a country's currency is experiencing volatility or if its economy is performing poorly relative to others, adopting or widely accepting another country's currency can provide more stability and confidence to international traders and investors. Additionally, using","This is more of an economics question than personal finance. That said, I already started writing an answer before I noticed, so here are a few points. I'll leave it open for others to expand the list. Advantages Disadvantages Advantages Disadvantages The flip-side to the argument that more users means more stability is that the impact of a strong economy (on the value of the currency) is diluted somewhat by all the other users. Indeed, if adopted by another country with similar or greater GDP, that economy could end up becoming the primary driver of the currency's value.  It may be harder to control counterfeiting. Perhaps not in the issuing country itself, but in foreign countries that do not adopt new bills as quickly.",Direct,0.0,1.0,1.0,1.0,0.6260547637939453,0.15999999999999998,0.26130653266331655,9.943699359893799,False,,
vanilla,4183,World Indexes - Variance between representation of a country's stocks and the country's proportion of world GDP,"World indexes, such as stock market indexes, often represent a subset of a country's companies and thus do not always accurately reflect the country's entire economic output as measured by GDP. Stock market capitalizations are influenced by factors including company performance, investor sentiment, and market conditions, which may not directly correlate with the broader economic indicators like GDP. 

For example, the United States has a significantly larger stock","""Stock market indexes are generally based on market capitalization, which is not the same as GDP.  GDP includes the value of all goods and services produced in a country; this includes a large amount of small-scale production which may not be reflected in stock market capitalizations.  Thus the ratio between countries' GDPs may not be the same as the ratio of their total market capitalization.  For instance, US GDP is approximately 3.8 times as much as Japan's (see here), but US total market cap is about 5.5 as much as Japan's (see here). The discrepancy can be even more severe when comparing """"developed"""" economies like the US to """"developing"""" (or """"less-developed"""") economies in which there is less participation in large-scale financial systems like stock markets.  For instance, US GDP is roughly 10 times that of Brazil, but US total market cap is roughly 36 times that of Brazil.  Switzerland has a total market cap nearly double that of Brazil despite its total GDP being less than half of Brazil's.  Since the all-world index includes all investable economies, it will include many economies whose share of market cap is disproportionately lower than their share of GDP. In addition, according to the fact sheet you linked to, that index tracks only large- and mid-cap stocks.  This will further skew the weighting to developed economies and to the US in particular, since the US has a disproportionate share of the largest companies. Obviously one would need to take a more detailed look at all the weights to determine if these factors account precisely for the level of discrepancy you see in this particular index.  But hopefully that explanation gives an idea of why the US might be weighted more heavily in a stock index than it is in raw GDP.""",Direct,0.0,1.0,1.0,1.0,0.7641935348510742,0.11140583554376658,0.18817204301075266,10.394909381866455,False,,
vanilla,4279,What is the opposite of Economic Bubble?,"The opposite of an economic bubble is a recession, which is characterized by falling asset prices and low price to earnings ratios, often following an economic bubble burst. Additionally, a financial panic can also be considered the opposite of a bubble, marked by irrational fear, focusing on negative news, and a pursuit of safety over risky investments.","""The opposite of an economic bubble is a bubble burst :p! Jokes aside though, an economic bubble occurs when the economy is in bull market mode and asset prices are growing very fast. It's usually measured by ratio's like price to earnings and the levels of various market indices. So, the opposite would be when valuations are falling very fast or are very low, and price to earnings ratios are low.  This condition is usually a recession. A recession is a market slowdown, generally after a bubble bursts, and severe recessions can become depressions if they last long enough (Great Depression, 1930s).  A bubble is not necessarily negative - stock prices usually rise a lot so paper wealth is greatly magnified. If you can get out in time, you're golden. Similarly, a recession isn't bad for everyone. Some investors keep large amounts of cash waiting for recessions so they can """"buy low, sell high"""". For most people, however, recessions are negative because unemployment increases and some people get fired, and the economy slows down. Asset prices have fallen so their investments are worth less than they used to be (on paper), and people mainly have to bide it out until the market starts growing again.""",Direct,0.0,1.0,1.0,1.0,0.8536102175712585,0.1962264150943396,0.28571428571428575,8.751553297042847,False,,
vanilla,4295,Where do countries / national governments borrow money from?,"Countries/national governments can borrow money from various sources:

1. **Domestic Investors**: They can borrow from local banks, pension funds, insurance companies, and individual investors within their own country.
2. **Foreign Investors**: International investors, including foreign banks, investment funds, and other countries, can purchase government bonds.
3. **Supranational Organizations**: Super-national organizations like the World Bank and","Typically the debt is held by individuals, corporations and investment funds, not by other countries. In cases where substantial amounts are held by other countries, those countries are typically not in debt themselves (e.g. China has huge holdings of US Treasuries). If the debts were all cancelled, then the holders of the debt (as listed above) would lose out badly and the knock-on effects on the economy would be substantial. Also, governments that default tend to find it harder to borrow money again in the future.",Direct,0.0,1.0,1.0,0.5,0.5392320156097412,0.09655172413793105,0.15384615384615383,10.474963665008545,False,,
vanilla,4299,Where can I find announcements of official GDP figures for the US and other countries?,"For announcements of official GDP figures for the US and other countries, you can start with the Bureau of Economic Analysis (BEA) press release page for the US. For other countries, the Central Intelligence Agency's World Factbook provides GDP values, though these may not be the first announcements. Additionally, the St. Louis Federal Reserve's FRED database offers extensive time series data for various economic indicators,","For press releases about economic data, the Bureau of Economic Analysis press release page is helpful. Depending on the series, you could also look at the Bureau of Labor Statistics press release page.  For time series of both historical and present data, the St. Louis Federal Reserve maintains a database such data, including numerous measures of GDP, called FRED. They list nearly 15,000 series related to GDP alone. FRED is extremely useful because it allows you to make graphs that indicate areas of recession, like this:  On the series' homepage, there's a bold link on the left side to download the data. If you simply need the most recent data, it's listed below the graph on that page.  If you're interested in a more in-depth analysis, you can use the Bureau of Economic Analysis as well, specifically the National Income and Product Accounts, which are most of the numbers that feed into the calculation of GDP. FRED also archives some of these data. Both FRED and the BEA compile data on numerous other economic benchmarks as well.  Other general sources for a wide range of announcements are the Yahoo, Bloomberg, and the Wall Street Journal economic calendars. These provide the dates of many economic announcements, e.g. existing home sales, durable orders, crude inventories, etc. Yahoo provides links to the raw data where available; Bloomberg and the WSJ provide links to their article where appropriate. This is a great way to learn about various announcements and how they affect the markets; for example, the somewhat disappointing durable orders announcement recently pushed markets down a few points.  For Europe, look at Eurostat. On the left side of the page, they list links to common data, including GDP. They list the latest releases on the home page that I previously linked to.  For the sake of keeping this question short, I'm lumping the rest of the world into this paragraph. Data for many other countries is maintained by their governments or central banks in a similar fashion. The World Bank's databank also has relevant data like Gross National Income (GNI), which isn't identical to GDP, but it's another (less common) macroeconomic indicator.  You can also look at the economic calendar on livecharts.co.uk or xe.com, which list events for the US, Europe, Australasia, and some Latin American countries. If you're only interested in the US, the Bloomberg or Yahoo calendars may have a higher signal-to-noise ratio, but if you're interested in following how global markets like currency markets respond to new information, a global economic calendar is a must. Dailyfx.com also has a global economic calendar that, according to them, is specifically geared towards events that affect the forex market.  As I said, governments and central banks compile a lot of this data, so to make searching easier, here are a few links to statistical agencies and central banks for major countries. I compiled this list a while ago on my personal machine, so although I think all the links are accurate, leave a comment if something isn't quite right.  Statistics Australia / Brazil / Canada / Canada / China / Eurostat / France / Germany / IMF / Japan / Mexico / OECD / Thailand / UK / US Central banks Australia / Brazil / Canada / Chile / China / ECB / Hungary / India / Indonesia / Israel / Japan / Mexico / Norway / Russia / Sweden / Switzerland / Thailand / UK / US",Direct,0.0,0.7653606369886217,1.0,0.6666666666666666,0.8267270922660828,0.08267090620031795,0.16293929712460062,10.44459080696106,False,,
vanilla,4303,Are there any catches with interest from banks?  Is this interest “too good to be true”?,"There are several considerations regarding the interest from banks that are not necessarily ""too good to be true,"" but do come with certain catches:

1. **Risk Factors**: Banks are generally less risky than their borrowers, meaning they are more likely to default. However, the interest charged by banks partly covers potential defaults. This means that while the interest rate might seem low, it reflects the risk taken by the","The 1.09% is per year, not per month. Not too bad for a regular savings, but it's just interest rates in general that are bad right now. The inflation rate should be 3.8% currently so if you hide your money in a bank you'll end up with a loss of 2% in buying power in a year... If you open an CD (Certificate of Deposit), the best APY would be around 2.2% for a 5 years one and you will still get hit by the inflation. You might want to invest those money somewhere else and in some other ways. The stock market might give you excellent entry points soon (if not right now) but since you're very young and inexperienced I strongly recommend to do tons of research and ask for advice from experienced people before you jump into these kind of things by yourself.",Direct,0.0,0.0,0.0,0.0,0.5366359353065491,0.10859728506787329,0.20814479638009048,10.829976558685303,False,,
vanilla,4321,What evidence is there that rising interest rates causes Canadian condo prices to go down?,"The evidence presented suggests that rising interest rates create downward pressure on housing prices, including condo prices in Toronto. Specifically, if borrowing becomes more expensive due to higher interest rates, fewer people will qualify for mortgages, reducing the number of potential buyers for a given property. Sellers may then lower their prices to attract buyers. While the context does not provide direct evidence from studies, it draws on historical patterns and economic","""Yes, it's unreasonable to think the prices will drop 10-20% in that time frame.  Housing prices are not an equation that can can be solved to """"home prices are X% overvalued."""" You have 3 answers so far, Quanty's """"prices are inversely proportional to rates,"""" Rob's """"there's no strong correlation between interest rates and house prices,"""" and MB's, """"rising interest rates create downward pressure on housing prices."""" Any research into price history had better take every other variable into account. Articles that look at rates vs price don't always address a key item, income. Say we agree that the data show your city to be 10% too high. But if sellers like their high price and have some 'dig my heels in' power, prices won't drop. The seller simply stays put, and the supply/demand curves result not in a lower price, but in less supply. And the effect is to change the demographic of that area, i.e. attracting higher income earners.  Rob linked to an article with a nice set of charts. One chart showing the US30 yr fixed rate and 'Real House Prices'. What results is a chart that can refute the relationship between rates and prices. But that would ignore an historical point that's too important to forget. The tumble that started in Jan '06 had nothing to do with the 30 year rate. It was the result of a series of insane financial products including 'interest only option ARMs' which permitted buyers to get approved for a purchase based on a payment that wasn't fixed, and would change to a fully amortizing mortgage at a higher rate that was unaffordable. A product that was a financial time bomb. Canada Banks offered no such product, and when the US market got pneumonia, Canada experienced a mild cold. With respect to any answers that offer US centric data to prove any hypothesis, I don't feel such comparisons are appropriate.  Correlations, and the data used to prove them are an interesting thing. I can suggest that you take the US 30 year rate, along with our median income, or rather 25% of monthly median income. Calculate the mortgage that results. This translates nicely to the home a median family can afford. And I claim that long term this is the equilibrium price of that median home. But supply/demand has another factor, 'stickyness' or the more technical term, 'inelasticity of demand.' This means that for example, a 10% increase in the price of cigarettes does not cause a 10% drop in consumption. Each and every good has its own elasticity, and in the case of housing, a rise in cost would certainly impact the marginal buyers, but others will simply adjust their budgets. Not all buyers were planning to hit the bank's limit on what they could afford, so the rise doesn't change their mind, just their budget.  Last - I know that Canada does not have a 30 year mortgage, most common is a 5 year rate with 30 year amortization. (correction/clarification, anyone?) The effect of this is less volatility in the market, since I believe your rates are not poised for the 2.5% to 4% jump implied by another response. Small increases can be absorbed.  In a beautiful coincidence, the Federal Reserve Board sent me a link to The Interest Rate Elasticity of Mortgage Demand: Evidence From Bunching at the Conforming Loan Limit. It's a bit long but a worthwhile look at how the correlation isn't as instant as some might think.""",Direct,0.0,1.0,1.0,0.75,0.6825177073478699,0.08915304606240712,0.12481426448736996,10.45089077949524,False,,
vanilla,4323,How to trade “exotic” currencies?,"To trade ""exotic"" currencies, you can use firms that offer access to these markets, such as Saxo Bank (though this is not an endorsement and the markets for these currencies are generally considered unsuitable for retail/non-professional investors due to their small size). It's important to be aware that these markets are small and can be risky for non-professional traders.","""Keep in mind that not every currency is """"tradeable"""", i.e.: convertible.  In fact, neither the Brazilian nor the Thai currencies are fully convertible, and the trading with them may be limited. There are 17 fully convertible currencies currently in the word, you can find the list here.""",Direct,0.0,0.46927872602275644,1.0,0.3333333333333333,0.5038362741470337,0.14414414414414417,0.2201834862385321,8.147179126739502,False,,
vanilla,4324,Why might a robo-advisor service like Betterment be preferable to just buying a single well-performing index fund like SPY?,"A robo-advisor service like Betterment might be preferable to just buying a single well-performing index fund like SPY because Betterment offers several advantages:

1. **Diversification**: Betterment provides a diversified portfolio tailored to individual investor needs, whereas investing solely in SPY focuses only on the S&P 500, limiting diversification.

2. **Algorithmic Management**: Better","The reason diversification in general is a benefit is easily seen in your first graph.  While the purple line (Betterment 100% Stock) is always below the blue line (S&P), and the blue line is the superior return over the entire period, it's a bit different if you retired in 2009, isn't it?  In that case the orange line is superior: because its risk is much lower, so it didn't drop much during the major crash.  Lowering risk (and lowering return) is a benefit the closer you get to retirement as you won't see as big a cumulative return from the large percentage, but you could see a big temporary drop, and need your income to be relatively stable (if you're living off it or soon going to).   Now, you can certainly invest on your own in a diverse way, and if you're reasonably smart about it and have enough funds to avoid any fees, you can almost certainly do better than a managed solution - even a relatively lightly managed solution like Betterment.  They take .15% off the top, so if you just did exactly the same as them, you would end up .15% (per year) better off. However, not everyone is reasonably smart, and not everyone has much in the way of funds. Betterment's target audience are people who aren't terribly smart about investing and/or have very small amounts of funds to invest.  Plenty of people aren't able to work out how to do diversification on their own; while they probably mostly aren't asking questions on this site, they're a large percentage of the population.  It's also work to diversify your portfolio: you have to make minor changes every year at a minimum to ensure you have a nicely balanced portfolio.  This is why target retirement date portfolios are very popular; a bit higher cost (similar to Betterment, roughly) but no work required to diversify correctly and maintain that diversification.",Direct,0.0,0.7653606369886217,1.0,0.4,0.710214376449585,0.07712082262210797,0.1134020618556701,10.436586618423462,False,,
vanilla,4357,Should I pay off investment property mortgage,"Based on the context provided, you should consider using your savings to invest rather than paying off your investment property mortgage. The advice suggests leveraging the mortgage to potentially achieve higher returns due to the leverage effect. Additionally, the context questions whether the investment in the property itself has been profitable, implying that the costs and fees associated with owning a property might not justify its status as a strong asset. Therefore, it","I would not recommend using your own money to pay off something that is not a strong asset. Use the savings where it will have the maximum return. Why not put (some of) the savings into another investment mortgage? Thanks to the leverage your return would be much higher than 5.5%, plus you would have more income.",Direct,0.0,0.6131471927654584,1.0,0.5,0.6251842975616455,0.16793893129770993,0.35114503816793896,8.960375785827637,False,,
vanilla,4379,How decreasing the prime interest rate helps to offset decreasing oil prices,"Decreasing the prime interest rate can help offset decreasing oil prices by making borrowing cheaper for businesses and consumers. Lower interest rates reduce the cost of loans, which can encourage spending and investment. For oil-producing countries heavily reliant on oil revenues, such as Canada, this can mitigate some of the negative impacts of falling oil prices. Here’s how:

1. **Stimulating Economic Activity**: Lower interest rates","""You may be missing how countries like Canada may have oil be more of the GDP than countries like the US. In Canada, the lower oil prices may mean more of an economic slowdown with oil companies laying off staff, canceling projects and some companies probably going under as some provinces like Alberta are highly dependent on oil prices to drive most of the economy. In contrast, the US isn't quite as rich in Energy sources and thus may not have the same issues would be my guess. Context matters here. If the rate change helps everybody, doesn't that include the oil producing companies? I'd like to think so using basic logic. What if the main reason for lowering rates was the economic fallout of the decrease in oil prices? Consider that the there would be the question of, """"Why do this now?"""" that has to be answered and the only main change is lower oil prices on a macroeconomic level.""",Direct,0.0,1.0,1.0,1.0,0.7344928979873657,0.12121212121212122,0.23478260869565218,9.957423686981201,False,,
vanilla,4416,How exactly does a country devalue its currency?,"A country can devalue its currency through several methods:

1. **Adjusting the Exchange Rate**: The central bank can directly adjust the official exchange rate of the currency. If the country pegs its currency to another currency or a basket of currencies, it can change the peg.

2. **Monetary Policy**: By changing interest rates, the central bank can influence the demand for and supply of the","""Currencies that are pegged or fixed require that foreign currencies are held by the central issuer at a proportional amount. This is analogous to having a portfolio of currencies that the central bank issues shares from - in the form of its own currency. We will continue with this analogy, if the central bank says these """"shares"""" are worth $1, but the underlying components of the portfolio are worth $0.80 and decreasing, then it is expensive for the central bank to maintain its peg, and eventually they will have to disregard the peg as people start questioning the central bank's solvency. (People will know the $1 they hold is not really worth what the central bank says it is, because of the price changes people experience in buying goods and services, especially when it comes to imports. Shadow economies will also trade using a currency more reflective of labor, which happens no matter what the government's punishments are for doing so). Swiss National Bank (central bank) did this in early 2015, as it experienced volatility in the Euro which it had previously been trying to keep it's currency pegged to. It became too expensive for it to keep this peg on its own. The central bank can devalue its currency by adjusting the proportions of the reserve, such as selling a lot of foreign currency X, buying more of currency Y. They can and do take losses doing this. (Swiss National Bank is maintaining a large loss) They can also flood their economy with more of their currency, diluting the value of each individual 1 dollar equivalent. This is done by issuing bonds or monetizing goods and services from the private sector in exchange for bonds. People colloquially call this """"printing money"""" but it is a misnomer in this day and age where printers are not relevant tools. The good and service goes onto the central bank's balance book, and the company/entity that provided the service now has a bond on its book which can be immediately sold to someone else for cash (another reading is that the bond is as good as cash). The bond didn't previously exist until the central bank said it did, and central banks can infinitely exchange goods and services for bonds. Bond monetization (also called Quantitative Easing) is practiced by the Federal Reserve in the United States, Bank of Japan, European Central Bank and now the Central Bank of the Republic of China""",Direct,0.0,0.0,0.0,0.0,0.6015561819076538,0.12916666666666665,0.17879417879417878,9.449793577194214,False,,
vanilla,4425,How does owning a home and paying on a mortgage fit into family savings and investment?,"Owning a home and paying on a mortgage fits into family savings and investment in several ways:

1. **Housing Expense Management**: You should plan for your monthly mortgage payment (principal, interest, and escrow) to be a conservative percentage of your take-home pay, ideally under 25% for a 15-year fixed-rate mortgage. This helps ensure you can manage the financial","""Have you ever tried adding up all your mortgage payments over the years? That sum, plus all the money that you put as a down payment (including various fees paid at closing) plus all the repair and maintenance work etc) is the amount that you have """"invested"""" in your house. (Yes, you can account for mortgage interest deductions if you like to lower the total a bit).  Do you still feel that  you made a good """"investment""""?""",Direct,0.0,0.7039180890341347,1.0,0.3333333333333333,0.5911390781402588,0.17391304347826086,0.26666666666666666,10.417627096176147,False,,
vanilla,4442,Investment Newbie - Options in India - For $10K - for 10 years,"For a $10,000 investment over 10 years in India, here are some options:

1. **Fixed Deposit (FD):**
   - **Pros:** Safe, guaranteed return, low risk.
   - **Cons:** Lower returns compared to other investments.
   - **Example:** At 9% interest compounded quarterly, after 1 year, you earn approximately $9","I would suggest you to put your money in an FD for a year, and as soon as you get paid the interest, start investing that interest in a SIP(Systematic investment plan). This is your safest option but it will not give you a lot of returns. But  I can guarantee that you will not lose your capital(Unless the economy fails as a whole, which is unlikely).  For example: - you have 500000 rupees. If you put it in a fixed deposit for 1 year, you earn 46500 in interest(At 9% compounded quarterly). With this interest you can invest Rs.3875(46500/12) every month in an SIP for 12 months and also renew your FD, so that you can keep earning that interest.So at the end of 10 years, you will have 5 lacs in your FD and Rs. 4,18,500 in your SIP(Good funds usually make 13-16 % a year). Assuming your fund gives you 14%, you make: -  1.) 46500 at 14% for 9 years - 1,51,215 2.)8 years - 1,32,645 3.) 7 years - 1,16,355 4.) 6 years - 1,02,066 5.) 5 years - 89,531 6.) 4 years - 78,536 7.) 3 years - 68891 8.) 2 years 60,431 9.) 1 year - 53010 Total Maturity Value on SIP = Rs, 8,52,680 Principal on FD =      Rs 5,00,000 Interest earned on 10th year = Rs. 46,500 Total = Rs. 13,99,180(14 lacs). Please note: - Interest rates and rate of return on funds may vary. This figure can only be assumed if these rates stay the same.:). Cheers!",Direct,0.0,1.0,1.0,1.0,0.6419587135314941,0.08860759493670886,0.1702127659574468,10.386660099029541,False,,
vanilla,4455,Portfolio Diversity : invest $4000 into one account or $1000 into 4 accounts?,"Investing $4000 into one account offers less diversification but potentially higher returns if the chosen investment performs well. On the other hand, investing $1000 into 4 accounts provides more diversification, spreading risk across different investments which can help mitigate losses if one investment underperforms.

Given the context provided, the decision should consider both risk tolerance and the potential drawbacks of divers","You spread money/investment across different accounts for different reasons: All this is in addition to diversification reasons. Investing all your money into one stock, bond, Mutual fund, ETF is risky if that one segment of the economy/market suffers.  There is a drawback to diversification of accounts. Some have minimum amounts and fee structures. In the original question you asked about 1,000 per account. That may mean that some accounts may be closed to you. In other cases they will charge a higher percentage for fees for small accounts. Those issues would disappear long before you hit the 1,000,000 per account you mentioned in your comment. One problem can occur with having too much diversification. Having dozens of funds could mean that the overlap between the funds might result in over investing in a segment because you didn't realize that one stock segment appeared in 1/3 of the funds.",Direct,0.0,1.0,1.0,1.0,0.7758896350860596,0.11111111111111112,0.21296296296296294,11.315600872039795,False,,
vanilla,4509,What are frontier markets? Is investing in them a good idea?,"Frontier markets refer to a category of developing countries that are more advanced than the least developed nations but are too small to be classified as emerging markets. These markets are typically characterized by smaller and less accessible equity markets that are still considered ""investable."" Investors often seek these markets due to the potential for high long-term returns and lower correlation with other markets.

Investing in frontier markets can be a good","""From Wikipedia A frontier market is a type of developing country which is more developed than the least developing countries, but too small to be generally considered an emerging market. The term is an economic term which was coined by International Finance Corporation’s Farida Khambata in 1992. The term is commonly used to describe the equity markets of the smaller and less accessible, but still """"investable"""", countries of the developing world. The frontier, or pre-emerging equity markets are typically pursued by investors seeking high, long-run return potential as well as low correlations with other markets. Some frontier market countries were emerging markets in the past, but have regressed to frontier status. Investopedia has a good comparison on Emerging Vs Frontier While frontier market investments certainly come with some substantial risks, they also may post the kind of returns that emerging markets did during the 1990s and early 2000s. The frontier market contains anywhere from one-fifth to one-third of the world’s population and includes several exponentially growing economies. The other Question    and are they a good option as well? This depends on risk appetite and your current investment profile. If you have already invested in domestic markets with a well diversified portfolio and have also invested in emerging markets, you can then think of expanding your portfolio into these.""",Direct,0.0,1.0,1.0,1.0,0.8978269100189209,0.26936026936026936,0.363013698630137,10.302826881408691,False,,
vanilla,4510,"GBP savings, what to do with them if leaving the U.K. in about 2 years time?","If you have GBP savings and are leaving the UK in about 2 years, the key points from the context suggest the following:

1. **Wait for a Better Rate**: Given that the pound is near its 10-year low and may not have reached its absolute lowest point, it might be wise to wait before converting your GBP to another currency. This could potentially allow you to get a better","In general, to someone in a similar circumstance I might suggest that the lowest-risk option is to immediately convert your excess currency into the currency you will be spending. Note that 'risk' here refers only to the variance in possible outcomes. By converting to EUR now (assuming you are moving to an EU country using the EUR), you eliminate the chance that the GBP will weaken. But you also eliminate the chance that the GBP will strengthen. Thus, you have reduced the variance in possible outcomes so that you have a 'known' amount of EUR. To put money in a different currency than what you will be using is a form of investing, and it is one that can be considered high risk. Invest in a UK company while you plan on staying in the UK, and you take on the risk of stock ownership only. But invest in a German company while you plan on staying in the UK, you take on the risk of stock ownership + the risk of currency volatility. If you are prepared for this type of risk and understand it, you may want to take on this type of risk - but you really must understand what you're getting into before you do this. For most people, I think it's fair to say that fx investing is more accurately called gambling [See more comments on the risk of fx trading here: https://money.stackexchange.com/a/76482/44232]. However, this risk reduction only truly applies if you are certain that you will be moving to an EUR country. If you invest in EUR but then move to the US, you have not 'solved' your currency volatility problem, you have simply replaced your GBP risk with EUR risk. If you had your plane ticket in hand and nothing could stop you, then you know what your currency needs will be in 2 years. But if you have any doubt, then exchanging currency now may not be reducing your risk at all. What if you exchange for EUR today, and in a year you decide (for all the various reasons that circumstances in life may change) that you will stay in the UK after all. And during that time, what if the GBP strengthened again? You will have taken on risk unnecessarily.  So, if you lack full confidence in your move, you may want to avoid fully trading your GBP today. Perhaps you could put away some amount every month into EUR (if you plan on moving to an EUR country), and leave some/most in GBP. This would not fully eliminate your currency risk if you move, but it would also not fully expose yourself to risk if you end up not moving. Just remember that doing this is not a guarantee that the EUR will strengthen and the GBP will weaken.",Direct,0.0,1.0,1.0,1.0,0.6529105305671692,0.09124087591240874,0.14233576642335766,10.795204639434814,False,,
vanilla,4520,"When the Reserve Bank determines the interest rates, do they take the house prices into account?","When the Reserve Bank determines interest rates, they do consider various factors including house prices, but house prices are not the sole factor. Central bankers look at a range of economic indicators such as inflation, employment levels, and overall economic growth. While house prices are one of the measurements taken into account, they are not the only consideration. The context provided mentions that house prices are included among the factors, but","The Central Banks sets various rate for lending to Banks and Paying interest to Banks on excess funds. Apart from these the Central Banks also sets various other ratios that either create more liquidity or remove liquidity from Market.  The CPI is just one input to the Central Bank to determine rate, is not the only deciding criteria. The CPI does not take into account the house price or the cost of renting in the basket of goods.  One of the reasons could be that CPI contains basic essentials and also the fact that it should be easily mesurable over the period of time. For example Retail Price of a particular item is easily mesurable. The rent is not easily mesurable.",Direct,0.0,0.46927872602275644,1.0,0.3333333333333333,0.6950352787971497,0.15625000000000003,0.22916666666666666,10.412387609481812,False,,
vanilla,4525,How should I allocate short-term assets in a rising-interest rate environment?,"In a rising-interest rate environment, you should consider allocating your short-term assets in a mix of cash and short-term bond funds, such as the Vanguard Short Term Investment Grade fund. This approach helps manage inflation risks. Ensure that a portion of your assets remains in FDIC-insured cash positions. Educate yourself about investing or seek advice from a reputable financial advisor who does not sell annuities or","""How should I allocate short-term assets in a rising-interest rate   environment? Assuming that the last part is correct, there could be bear bond funds that short bonds that could work well as a way to invest. However, bear in that the the """"rising-interest rate environment"""" is part of the basis that may or may not be true in the end as I'm not sure I've seen anything to tell me why rates couldn't stay where they are for another couple of years or more. Long-Term Capital Management would be a cautionary tale before about bonds that had assumptions that backfired when something that wasn't supposed to happen, happened. Thus, while you can say there is """"rising-interest rate environment"""" what else are you prepared to assume and how certain are you of that happening? An alternate theory here would be that """"junk bonds"""" may do well because the economy has to be heating up for rates to rise and thus the bonds that are priced down so much because of default risk may turn out to not go bust and thus could do well. Course this would carry the """"Your mileage may vary"""" and without a working time machine I couldn't say which funds will be good and which would suck. As for what I would do if I was dealing with my own money: Money market funds and CDs would likely be my suggestion for the short-term where I want to prevent principal risk. This is likely what I would do if I believed the rising rate environment is here.""",Direct,0.0,1.0,1.0,1.0,0.7695008516311646,0.1055718475073314,0.18126888217522658,10.38644528388977,False,,
vanilla,4543,What are the marks of poor investment advice?,"The marks of poor investment advice include:
- Advice not targeted to your specific situation.
- Unnecessary complexity in investment strategies.
- Strategies with too many moving parts that are difficult for a retail investor to manage effectively.
- Poorly explained or hidden poor advice or bad strategy.","""(1) I think the phrase """"Variable Annuity"""" is a glowing red flag. A corollary to that is that any strategy that uses insurance for a purpose (e.g. tax avoidance) other than protecting against loss rates at least a yellow flag. (2) The other really obvious indicator is a return that is completely out of whack with the level of risk they are saying the investment has. For example, if someone promises a 10% annual return that is """"Completely Safe"""" or """"Very low risk"""", Run. (3) If it is advertised on tv/radio, or all your friends are talking about it at parties. Stay away. Example: Investing in Gold Coins or the hot Tech IPO. (4) The whole sales pitch relies on past returns as proof that the investment will do well without any real discussion of other reasons it will continue to to well. Beware the gambler's fallacy. (5) Finally, be very wary of anyone who has some sort of great investment plan that they will teach you if you just pay $X or go to their seminar. Fee based advice is fine, but people selling a get rich quick vehicle typically know the real way to get rich is to get suckers to pay for their seminars.""",Direct,0.0,0.7039180890341347,1.0,0.2222222222222222,0.5875885486602783,0.07874015748031497,0.13178294573643412,5.945286750793457,False,,
vanilla,4579,Higher returns from international markets?,"Based on the context provided, higher returns from international markets do not appear to be consistently higher than U.S. markets. The document suggests that international stocks and U.S. stocks tend to perform poorly together, with only about 1 in 3 years seeing international stocks outperforming U.S. stocks over the last six years. Therefore, higher returns from international markets are not guaranteed and should be considered","""Tricky question, basically, you just want to first spread risk around, and then seek abnormal returns after you understand what portions of your portfolio are influenced by (and understand your own investment goals) For a relevant timely example: the German stock exchange and it's equity prices are reaching all time highs, while the Greek asset prices are reaching all time lows. If you just invested in """"Europe"""" your portfolio will experience only the mean, while suffering from exchange rate changes. You will likely lose because you arbitrarily invested internationally, for the sake of being international, instead of targeting a key country or sector. Just boils down to more research for you, if you want to be a passive investor you will get passive investor returns. I'm not personally familiar with funds that are good at taking care of this part for you, in the international markets.""",Direct,0.0,0.7039180890341347,1.0,0.5,0.6533210277557373,0.10185185185185186,0.19444444444444445,9.472236394882202,False,,
vanilla,4587,Is there any drawback in putting all my 401K into a money market fund?,"Yes, there is a significant drawback to putting all your 401K into a money market fund. Money market funds offer low returns, especially under current market conditions, making them roughly equivalent to holding cash. This aligns with the fundamental principle in finance that there is a trade-off between low risk and high returns. By choosing a money market fund, you minimize risk but also significantly reduce potential","What you're describing is called timing the market.  That is, if you correctly predict when the market will drop, you can sell before the drop, wait for the drop, then buy after the drop has occurred.  Sell high, buy low. The fundamental problem with that, though, is: What ends up happening, on average, is you end up slightly behind.  There's quite a lot of literature on this; see Betterment's explanation for example.  Forbes (click through ad first) also has a detailed piece on the matter. Now, we're not really talking HFT issues here; and there are some structural things that some argue you can take advantage of (restrictions on some organizational investors, for example, similar to a blackjack dealer who has to hit on 16).  However, everyone else knows about these too - so it's hard to gain much of an edge. Plenty of people say they can time the market right, and even yourself perhaps you timed a particular drop accurately.  This tends to lead to false confidence though; how many drops that you timed badly do you remember? Ultimately, most investors end up slightly down when they attempt to time the market, because of the transaction costs (if you guess two drops, one 'right' and one 'wrong', and they have exactly opposite gains/losses before commissions, you will lose a bit on each due to commission), and because of the overall upward trend in the market (ie, if you picked at random one month a year to be out of the market, you'd lose around 10% annualized gains from doing that; same applies here). All of that aside, there is one major caveat: risk tolerance.  If you are highly risk tolerant, say a 30 year old investing your 401(k), then you should stay in no matter what.  If you're not - say you're 58 and retiring in a few years - then knowledge that there's a higher risk time period coming up might suggest moving to a less risky portfolio, even at the known cost of some gains.",Direct,0.0,0.7039180890341347,1.0,0.5,0.499565452337265,0.07710843373493977,0.13908872901678654,9.376376867294312,False,,
vanilla,4670,Basic finance: what should everyone know?,"Everyone should know the basics of personal finance outlined in the recommended book, which includes managing income and expenses, saving, budgeting, understanding credit scores, and planning for the future. Key concepts include living within one's means, saving a portion of earnings, understanding the importance of emergency funds, and the basics of investing. While the book is slightly outdated, its core principles remain relevant. Additionally, staying","""The statement """"Finance is something all adults need to deal with but almost nobody learns in school."""" hurts me. However I have to disagree, as a finance student, I feel like everyone around me is sound in finance and competition in the finance market is so stiff that I have a hard time even finding a paid internship right now. I think its all about perspective from your circumstances, but back to the question. Personally, I feel that there is no one-size-fits-all financial planning rules. It is very subjective and is absolutely up to an individual regarding his financial goals.  The number 1 rule I have of my own is - Do not ever spend what I do not have. Your reflected point is """"Always pay off your credit card at the end of each month."""", to which I ask, why not spend out of your savings? plan your grocery monies, necessary monthly expenditures, before spending on your """"wants"""" should you have any leftovers. That way, you would not even have to pay credit every month because you don't owe any. Secondly, when you can get the above in check, then you start thinking about saving for the rainy days (i.e. Emergency fund). This is absolutely according to each individual's circumstance and could be regarded as say - 6 months * monthly income. Start saving a portion of your monthly income until you have set up a strong emergency fund you think you will require. After you have done than, and only after, should you start thinking about investments. Personally, health > wealth any time you ask. I always advise my friends/family to secure a minimum health insurance before venturing into investments for returns. You can choose not to and start investing straight away, but should any adverse health conditions hit you, all your returns would be wiped out into paying for treatments unless you are earning disgusting amounts in investment returns. This risk increases when you are handling the bills of your family. When you stick your money into an index ETF, the most powerful tool as a retail investor would be dollar-cost-averaging and I strongly recommend you read up on it. Also, because I am not from the western part of the world, I do not have the cultural mindset that I have to move out and get into a world of debt to live on my own when I reached 18. I have to say I could not be more glad that the culture does not exist in Asian countries. I find that there is absolutely nothing wrong with living with your parents and I still am at age 24. The pressure that culture puts on teenagers is uncalled for and there are no obvious benefits to it, only unmanageable mortgage/rent payments arise from it with the entry level pay that a normal 18 year old could get.""",Direct,0.0,0.0,0.0,0.0,0.5786694288253784,0.07956600361663653,0.11636363636363638,9.902640104293823,False,,
vanilla,4709,Corporate Finance,"Corporate finance involves managing a company's financial activities, including raising capital, managing investments, and optimizing financial performance. It focuses on maximizing shareholder value through strategic allocation of resources and minimizing costs. Key aspects include:

1. **Capital Structure**: Deciding how to finance operations and growth, often involving a mix of debt and equity.
2. **Investment Analysis**: Evaluating potential projects or investments to ensure","If it's raising $25 million with a debt to equity ratio of 50% then it's raising $8.33 million of debt and $16.67 million of equity. You've priced it as if it were raising $25 million of debt and $25 million of equity, which would be raising $50 million with a debt to equity ratio of 100%.",Direct,0.0,0.0,0.0,0.0,0.40022948384284973,0.16129032258064516,0.20967741935483872,9.38891863822937,False,,
vanilla,4746,Personal finance in EFU and NAFA,"In the context of personal finance, the terms EFU and NAFA are not standard financial acronyms or concepts. However, based on the provided context, we can infer the following:

1. **EFU**: This could potentially refer to ""Emergency Fund"" (EF), which is described as an emergency fund or savings to cover six months of total expenses. This fund is meant to be liquid","I want to know why my investment is having loss in 4 to 5 months. As the funds invest in stock markets, the Pakistan stock market is going down in last 4-5 months from all time high. Should I liquidate my investment or wait in hope that it will grow again? This is opinion based and one cannot predict what will happen in future. The funds may grow or may loose value. If I loose all my investment value, is it insured. OR do I loose everything? The growth fund I understand is not guaranteeing any returns. in theory you can loose all the money, however practically there will be some value. If you need guaranteed returns maybe EFU Guaranteed Growth fund will be better choice.",Direct,0.0,0.0,0.0,0.0,0.31563907861709595,0.12698412698412698,0.24468085106382978,8.95176911354065,False,,
vanilla,4750,Home (re)Finance and Providing Additional Information,"Home (re)finance involves understanding the costs associated with financing a property, whether you are buying, selling, or flipping a home. When seeking funding through hard money lenders, it's important to understand the terms and conditions of the loan, including the interest rate, repayment terms, and any fees involved. Hard money lenders typically require a higher interest rate compared to traditional mortgage lenders because they take on more","I have never had a lender ask my budget, only my income, savings, credit rating and value of the collateral. That's considered adequate info to estimate risk for most ordinary loans. Yes, they may want the income proven by evidence from your employer or via a copy of your tax returns. They don't care what you buy as long as there's evidence you'll make loan payments on time for the life of the loan.",Direct,0.0,0.0,0.0,0.0,0.313976526260376,0.1360544217687075,0.20408163265306123,9.381683111190796,False,,
vanilla,4761,Strategy for accounting personal finance in multiple currency?,"To account for personal finance in multiple currencies effectively, follow these steps:

1. **Maintain Separate Currencies**: Keep track of financial transactions in their respective currencies. For example, record income and expenses in the currency they occur.

2. **Use a Currency Trading Account**: Set up a currency trading account in your accounting software. This account will reflect gains or losses due to exchange rate changes between the","How can I correctly account for having money in different currencies, without currency transfers or currency fluctuations ending up as gains or losses? In my view, your spreadsheet should be in multiple currencies. i.e. if you have gained some in specific currency, make a note of it in that specific currency. If you have spent something in a specific currency, then make a note accordingly. You can use an additional column for reporting this in a neutral currency say GBP. If you are transferring the money from account of one currency to account of another; change the balances as appropriate with the actual conversion rate. If you need this record keeping for tax purposes, then get a proper advise from accountant.",Direct,0.0,1.0,1.0,1.0,0.7358429431915283,0.2021276595744681,0.3191489361702127,10.358274698257446,False,,
vanilla,4765,Where do I-Bonds fit into personal finance plans?,"I-Bonds do not fit well into most personal finance plans. They are not generally good for personal investment due to their lack of marketability, redemption penalties, and lower overall yields compared to other options. Additionally, they are more cumbersome to manage since you can achieve similar benefits with a Total Inflation-Protected Securities (TIPS) ETF, which provides exposure to various maturities and the current","tl,dr: I-bonds do not fit well into most personal finance plans. First the questions (succinct reference): I like your thought process weighing your liquidity and risk versus your return.  This is very important.  However, I think you might be sidetracked a bit by I-Bonds.  I-Bonds are not generally good for personal investment as they are not marketable when necessary, have redemption penalties and hold lower overall yields in general.  Finally, they are significantly harder to trade as you can buy and hold a TIPS ETF and get exposure to all maturities and get the current competitive rate all in one purchase. Inflation protection is in general an interesting problem.  While inflation-protected bonds sound like they are great for inflation protection (after all it is in the name), they may not be the best instruments for long/medium term protection.  It is really important to remember that inflation protected bonds have significantly lower returns and one form of inflation protection is to just have more money in the future.  TIPS really protect against large inflation changes as normal bonds have the future expected inflation already baked in their higher rates. Also, when you own a stock you own part of a company and inflation will increase the value of the company relative to the inflated currency.  Foreign stocks can give even more protection if you think inflation in your local currency is going to be higher then the foreign currency.  Stocks in the past have had significantly higher return overall than inflation protected bonds but have higher risk as well. As a medium term, low-risk portfolio, it is worth looking into some combination of TIPS, normal bonds and a small to medium allocation of local/foreign stocks all done through low-fee mutual funds or index ETFs.",Direct,0.0,1.0,1.0,1.0,0.8466271162033081,0.2125340599455041,0.24512534818941503,10.928425550460815,False,,
vanilla,4797,Historical Stock Prices of delisted company [duplicate],"For delisted companies like Lawson Software Inc., you can find historical stock prices through paid sources such as the Premium Data US delisted stocks historical data set available from http://www.premiumdata.net/products/premiumdata/ushistorical.php. Additionally, checking your local library might provide access to resources like the ""Standard & Poor's Daily Stock Price Record"" or similar services. For more extensive and accurate","""For those on a budget, check if your local library has access to / or a copy of the """"Standard & Poor's Daily Stock Price Record"""". Access to that or a similar service may be available as part of your library patronage. If not available it may be available at your metropolitan central library.  Comprehensive stock pricing data which provides adjustments for splits, mergers, capital distributions and other relevant events is still a premium product. External link to New York Public Library blog post on subject: http://www.nypl.org/blog/2012/04/09/finding-historical-stock-prices""",Direct,0.0,1.0,1.0,1.0,0.6377642750740051,0.2484472049689441,0.3164556962025316,9.853031635284424,False,,
vanilla,4833,How are credit unions initially financed,Credit unions are initially financed through money from members and possible grants to help subsidize the pre-chartering costs and annual operating expenses.,"​Estimated Start-Up and Operating Costs in Chartering a Credit Union notes in part: Given the significant costs involved, most groups seek grant money and   non-member deposits (if pre-approved for the low-income designation)   to help subsidize the pre-chartering costs and annual operating   expenses. Thus, in forming the union there would be the money from members and possible grants to ensure completion of the chartering process which is how one starts a CU in the US.",Direct,0.0,1.0,1.0,1.0,0.7723862528800964,0.29411764705882354,0.3541666666666667,4.814913034439087,False,,
vanilla,4853,How do I evaluate a health insurance policy that covers a specific disease?,"To evaluate a health insurance policy that covers a specific disease, consider the following factors:

1. **Coverage Details**: Understand exactly which aspects of the disease are covered, including diagnosis, treatment, and ongoing care.

2. **Exclusions**: Check for any exclusions or limitations in coverage, such as pre-existing conditions or specific treatments not covered.

3. **Premium Costs**: Review the cost of premiums","""These policies are usually called dread disease policies or critical illness insurance, and they normally aren't a good deal. Furthermore, with the passage of the Affordable Care Act, such policies may become less common or disappear entirely. These policies aren't a great deal because of the effects of adverse selection and asymmetric information, two closely related concepts in the economics of insurance. When you purchase an insurance policy, the insurance company charges you a premium based on your average risk level or the average risk level of your risk pool, e.g. you and your fellow employees, if you get insurance through your employer. For health insurance, this average risk level is the average probability that you'll incur healthcare costs. The insurer's actuaries calculate this probability from numerous factors, like your age, sex, current health, socioeconomic status, etc. Asymmetric information exists when you know more about this probability than the insurance company does. For example, you may look like a relatively low-risk individual on paper, but little does the insurance company know, BASE jumping is one of your hobbies. Because you know about your hobby and the insurance company doesn't, you secretly know that your risk of incurring healthcare expenses is much higher than the insurance company expects. If the insurance company knew this, they would like to charge you a much higher premium, if they could. However, they can't, because a) they don't know about your hobby, and b) the premium may be decided for the entire group/risk pool, so they can't increase it simply because a few individuals in the group have higher risk levels. Adverse selection occurs when individuals with higher risk levels are more likely to buy insurance. You may decide that because of your dangerous hobby, you do want to take advantage of your employer's healthcare plan. Unfortunately for the insurance company, they can't adjust their price accordingly. Adverse selection is a major factor in insurance markets, so I didn't go into much detail here (too much detail is probably off-topic anyway). I can point you towards more resources on the topic if you're interested.  However, the situation is different when you purchase a dread disease policy.  By expressing interest in such a specific policy, e.g. a cancer insurance policy, you signal to the insurance company that you feel you have a higher risk of facing that disease. In your case, you're signaling to the insurance company that your family probably has a history of cancer or that you have habits that make you more susceptible to it, and your premiums will be higher to compensate the insurance company for bearing this additional risk. Since the insurance company already has a rough estimate of your chances of developing that illness, they may already know that you have a higher chance of facing it. However, when you express interest in a disease-specific policy, this signals the existence of asymmetric information (your family history or other habits), and the insurer assumes you know something they don't that elevates your risk level of that specific disease. Since these policies are optional policies often sold as riders to existing policies, the insurance company has more flexibility in pricing them. They can charge you a higher premium because you've signaled to the insurer that you have a significantly above-average risk of contracting a specific disease*. Also, the insurer can do a much better job of estimating the expected costs of insuring you since they need only focus on data surrounding one disease. The policy will be priced accordingly, i.e. in such a way that isn't necessarily beneficial to you. Furthermore, most dread disease policies aren't guaranteed renewable, which means that even if you are willing to keep paying the premiums, the insurance company doesn't have to keep insuring you. As your risk of developing the specific disease grows, e.g. with age, it may pass the point where insuring you is no longer an acceptable risk. The company expects you to develop the illness with the next few renewal cycles, so they decide not to renew your policy. The end result? The insurance company has the premiums you've paid previously, but you no longer have coverage for that illness, and ex post, you've suffered a net loss with no reduction of risk for the foreseeable future.  Dread disease policies are changing under the Affordable Care Act. According to healthcare.gov Starting in 2014, ... all new health insurance plans sold to individuals and small businesses, and plans purchased in the new Affordable Insurance Exchanges, must include a range of essential health benefits. The essential health benefits include quite a few areas of coverage; since this applies to policies offered on the state insurance exchanges and those offered outside of it, dread disease policies wouldn't seem to qualify. For more information, you can read the linked page on healthcare.gov or see Section 1302, subsection b), titled """"Essential Health Benefits Requirements"""" in the law itself (p87). I imagine more details will be available on a state-by-state basis through 2014 and into 2015.  One legal source (see the discussion on p24) states that: whatever else the ACA does with excepted benefit policies, including specific disease and fixed dollar indemnity policies, it does explicitly provide that such policies do not count as minimum essential coverage for purposes of the ACA This seems pretty straightforward; a dread disease (or """"specific disease"""" policy, as it's referred to in the article), won't count towards the minimum essential requirements. This may not be an issue for you, but for others, it's important to understand that you'll still need to pay the penalty if you only purchase one of these policies. The ACA spells this out in Section 5000(f) (see p316, which states that """"excepted benefit policies"""" are excluded and defines them using the definition in the Public Health Service Act (PHSA). **The PSHA specifically includes """"Coverage only for a specified disease or illness"""" in their definition of """"excepted benefit policies"""" (see section 2791(b), paragraph 3A on p82, so it's probably a safe bet that such policies won't count towards the minimum. Also, as Rick pointed out in the comments, the Affordable Care Act also forbids lifetime limits on most insurance plans, so assuming you find an insurance policy with adequate coverage for the specific disease you're worried about, such a plan should cover the related expenses without a lifetime limit. Deductibles, annual limits, and other factors may complicate this somewhat.  In the section about lifetime limits (Sec. 2711, p2), the Affordable Care Act states that: A group health plan and a health insurance issuer offering group or individual health insurance coverage may not establish ... lifetime limits on the dollar value of benefits for any participant or beneficiary.  However, the law states in the next paragraph that the preceding statement should not be construed to prevent a group health plan or health insurance coverage from placing annual or lifetime per beneficiary limits on specific covered benefits that are not essential health benefits under section 1302(b) of the Patient Protection and Affordable Care Act, to the extent that such limits are otherwise permitted under Federal or State law The section also contains similarly vague caveats about annual limits, so the actual details and limits may vary once individual states finalize their policies. The law is intentionally vague because the vast majority of the law's implementation is left up to individual states. Furthermore, certain parts of the law specify actions involving the Secretary of Health and Human Services, so these may require further codification in the future too. You should still read the fine print of any insurance policy you buy and evaluate it as you would any contract (see the next section).  Since a dread disease policy probably isn't a good idea, you'll probably want to evaluate the healthcare plans offered by your employer or individual plans offered in your area (if your employer doesn't offer coverage). I've tried to include the basic points offered in these articles to give you or future visitors some idea of where to start. These points may change once the Affordable Care Act is implemented, so I'll try to keep them as general as possible.  Services - Above and beyond the minimum essential requirements, what services does the plan offer? Are these services a good match for you and/or your family, or do they add unnecessary cost to the premium with little or no benefit? For example, my health insurance plan offers basic dental coverage with a small co-pay, so I don't need a separate dental plan, even though my employer offers one.  Choice - What doctors, clinics, hospitals, etc. are preferred providers under your plan? Do you need a referral from your primary care doctor to see a specialist, or can you find one on your own? Are the preferred providers convenient for you? In my first year of college (about five years ago), my student health insurance only covered a few hospitals that were in the suburbs and somewhat difficult for me to reach. This is something to keep in mind, depending on where you live.  Costs - This is a major one, obviously. Deductibles, copays, maximum cost limits over a year or your lifetime, out-of-network costs, etc. are all variables to consider.  There are other factors, but since I don't have a family, other members of the site can provide more detailed information about what to look for in family policies.  In place of a dread disease policy, you're likely better off purchasing a comprehensive health insurance policy, perhaps a catastrophic coverage policy with a high deductible that will kick in once you've exhausted your standard insurance policy. However, this may be a moot point since the passage of the Affordable Care Act may significantly reduce the availability of such policies anyway.""",Direct,0.0,1.0,1.0,1.0,0.5722167491912842,0.03557085484796328,0.04838709677419355,10.30305290222168,False,,
vanilla,4856,Car value is almost equal to GMFV with still 2 years to go on PCP,"Given that the car's value is almost equal to the Guaranteed Minimum Future Value (GMFV) with still 2 years to go on the PCP agreement, it suggests that the car is likely to depreciate very little in the remaining period. The finance company sets the GMFV to cover their costs, so if the car's value matches this figure, it indicates the car is probably near","""The """"guaranteed minimum future value"""" isn't really a guarantee so much as the amount they will charge you at the end of the agreement if you want to keep the car. In this sense it might better be considered a """"guaranteed maximum future cost"""". If the car has fallen below that value at that point, then you can just hand back the car and you won't owe anything extra. If it turns out to be worth more, you end up in profit - though only if you either actually pay for the car, or if you roll over into a new PCP deal. So the finance company has an incentive to set it at a sensible value, otherwise they'll end up losing money. Most new cars lose a lot of value quickly initially, and then the rate of loss slows down. But given that it's lost £14k in 2 years, it seems pretty likely it'll lose much more than another £1k in the next 2 years. So it does sound like that in this case, they estimated the value badly at the start of the deal and will end up taking a loss on the deal when you hand it back at the end. It appears you also have the legal right to """"voluntary termination"""" once you have paid off half the """"Total Amount Payable"""". This should be documented in the PCP agreement and if you're half way into the deal then I'd expect you'll be about there. If that doesn't apply, you can try to negotiate to get out of the deal early anyway. If they look at it rationally, they should think about the value of your payments over the next two years minus the loss they will end up with at the end of those two years. But there's no guarantee they will. Disclaimer: Despite living in the UK, I hadn't heard of these contracts until I read this question, so my answer is based entirely on web searches and some inferences. The two most useful sources I found on the general subject were this one and this one.""",Direct,0.0,1.0,1.0,1.0,0.7186826467514038,0.1212121212121212,0.20465116279069767,11.969769716262817,False,,
vanilla,4869,Sites to obtain historical chart of currency exchange rates?,"Two sites to obtain historical charts of currency exchange rates are:

1. OANDA's Currency Graph (FXGraph) - Offers a free online tool to plot the change between two currencies over any time period since 1990.
2. Federal Reserve Bank's H.10 release - Provides daily exchange rate data, which can be accessed from their website for historical EURUSD rates and similar","OANDA has a free online tool (a Java applet) that will do what you're asking.  Description: Currency Graph FXGraph:   Plot the   change between two currencies over any   time period Make a customized graph of historical   exchange rates for two of over 190   currencies, for any time period since   1990.   [...] Visit Currency Graph | OANDA.",Direct,0.0,1.0,1.0,1.0,0.5841892957687378,0.31304347826086953,0.4615384615384615,9.537007093429565,False,,
vanilla,4872,Taking a car loan vs cash and effect on credit score,"Taking a car loan versus paying cash for a car can have different effects on your credit score and overall financial situation:

1. **Credit Score Impact**:
   - **Car Loan**: Taking out a car loan can initially boost your credit score because it shows you can manage debt responsibly. However, this benefit is temporary. Over time, as you make consistent payments, your score may stabilize or even improve","Imagine that your normal mode of using credit gets you a score of X. As time goes by your score trends upward if the positive items (length of credit) outweigh your negative items. But there are no big increases or decrease in your score. Then you make a one time change to how you use credit. If this is a event that helps your score, there will be a increase in your score. If it is bad thing your score will drop. But if you go back to your standard method of operating your score will drift back to the previous range. Getting a car loan for a few months to get a bump in your credit score, will not sustain your score at the new level indefinitely. Overtime the impact will lessen, and the score will return your your normal range. Spending money on the loan just to buy a temporary higher credit score is throwing away money.",Direct,0.0,1.0,1.0,1.0,0.6726993322372437,0.13333333333333336,0.26548672566371684,9.939741373062134,False,,
vanilla,4888,Why does low interest rate prevent bankruptcy and foreclosure?,"Low interest rates prevent bankruptcy and foreclosure because they allow borrowers to continue making the same monthly payments while reducing the overall amount of interest paid. When interest rates are low, the revised payment amount after a rate increase remains manageable for the borrower, reducing the likelihood of default. Additionally, fewer missed payments mean less accumulated debt, lowering the risk of bankruptcy. Lower interest rates also make refinancing more attractive, potentially","Most of the bankruptcy is due to taking [or building over a period of time] a loan that one cannot service, if the interest rates rise, then the amount of money to repay the loan increases, when one doesnt pay the revised amount and keeps paying less, the over all debt keeps shooting through the roof ... a lower interest rate means that one can continue to pay the same amount ... and few missed payments do not cause as much as damage as it does when the rates are high.",Direct,0.0,1.0,1.0,1.0,0.6373645067214966,0.2125,0.37499999999999994,10.418644189834595,False,,
vanilla,4905,what are the pros and cons of structured deposits?,"Pros of structured deposits:
- Capital protection: Unlike many investment products, structured deposits guarantee the return of your principal (capital).
- Potential for higher returns: Structured deposits can offer higher returns compared to traditional savings accounts or cash ISAs, often around double the rate.
- Tax benefits: In the UK, structured deposits can be part of an annual cash ISA allowance, making the returns tax-free.","""Say we are in 'normal times.' Passbook rates are 5% or so. Longer rates, 6-7%. I offer you a product with these terms, for $10,000 I will return a """"Guaranteed"""" $10,000 in 6 years and based on the stock market, 1% for every 2% the S&P is up beyond 10% at maturity. As the seller of this product, I take $6666, and buy a fixed investment, 6 years at 7% in treasuries will return the $10000. Really. I then take the $3334 and buy out of the money calls on the S&P each year to capture the gains, if any, and to deliver on my promise.  This is one example of a structured deposit offering. They can have nearly any terms one can imagine. Tied to any product. S&P, Crude Oil, Gold. Whatever.""",Direct,0.0,1.0,1.0,1.0,0.5810145139694214,0.099009900990099,0.16748768472906406,10.476523876190186,False,,
vanilla,4918,Re-financing/consolidating multiple student loans for medical school?,"Re-financing or consolidating multiple student loans for medical school can be beneficial if done strategically. Government-backed loans often provide attractive rates, but many commercial banks also offer consolidation services, such as those from Wells Fargo. Some lenders now offer consolidation loans that can combine both Federal and private student loans, like Cedar Ed.

For medical school, where the cost is typically high, consolidating loans might help manage","""Several student loans are backed by government guarantee and this will allow you to get attractive rates. This may require them to consolidate the three classes of loans separately. Many commercial banks offer consolidation services, one example is Wachovia discussed at https://www.wellsfargo.com/student/private-loan-consolidation/ Other methods of """"consolidation"""" are of course anything that pays off the original loan. If available, using a parent's home equity line of credit to pay of the loans and then paying back the parents can save money. An additional benefit of HELOC-style loans is that they are very flexible in their payment terms. For example you may pay $25 per year to keep the account open and then only be required to make interest payments. Links:  https://origin.bankrate.com/finance/college-finance/faqs-on-student-loan-consolidation-1.aspx""",Direct,0.0,1.0,1.0,1.0,0.6520932912826538,0.17061611374407581,0.22999999999999995,10.007148265838623,False,,
vanilla,4945,"In Canada, how bad must your credit be for a denial of a Secured Credit Card?","The provided context does not contain specific information about how bad a credit score needs to be for a denial of a Secured Credit Card in Canada. To accurately answer this question, additional information from sources specific to Canadian financial regulations and practices would be needed. Generally, secured credit cards require a deposit that serves as collateral, so credit score may play a role but is often secondary to the deposit amount. For","""Although now there are """"welcome"""" banking packages when I landed in 2008 I couldn't find any and Vancity gave me a secured visa nonetheless. Let me emphasize: I didn't have a credit history, score at all. I doubt this changed much. The bank has zero risk.""",Direct,0.0,0.0,0.0,0.0,0.3526099920272827,0.11570247933884298,0.1487603305785124,10.898371696472168,False,,
vanilla,4953,What does market cap (or market capitalization) mean?,"Market capitalization (market cap) refers to the current value of a company's equity, calculated by multiplying the current share price by the number of outstanding shares. It provides an estimate of how much a company is worth based on the stock market's valuation.",Market cap is basically the amount of money that it would cost to buy all of the shares of public stock in a company.  Or  share cost * number of outstanding shares. It is a measure of how much a company is worth. http://en.wikipedia.org/wiki/Market_capitalization,Direct,0.0,1.0,1.0,1.0,0.8948143720626831,0.44680851063829785,0.4731182795698925,7.465964317321777,False,,
vanilla,4956,What do these numbers mean for the S&P?,"For the S&P, the numbers indicate that when the S&P 500 index increases in value, the corresponding S&P 500 funds will also increase, but typically by a slightly higher percentage due to the reinvestment of dividends. If the S&P 500 goes up by 10%, an S&P 500 fund might go up by approximately 1","USB is the ticker for US Bancorp. The numbers to me look like their prediction of the return for the day, I could be wrong but I think that's what it is.",Direct,0.0,0.0,0.0,0.0,0.2982754111289978,0.15217391304347827,0.23913043478260868,10.414949417114258,False,,
vanilla,4966,"In today's low interest environment, is it generally more economical to buy or lease a new car in the US?","In today's low interest environment, it is generally more economical to buy a new car rather than lease in the US. Leasing typically involves higher upfront costs and hidden fees, and the dealer may try to hide these from the consumer. Additionally, cars depreciate significantly in the first few years, and by leasing, you are essentially paying for this depreciation. Buying allows you to own the car outright,","The most economical way is to save your money, and buy a 1+ year old used car with cash.",Direct,0.0,0.7653606369886217,1.0,0.6666666666666666,0.5146637558937073,0.13636363636363635,0.18181818181818182,11.030760765075684,False,,
vanilla,4974,Calculating the Free Cash Flow (FCF),"The context provided does not contain any information about calculating Free Cash Flow (FCF). The context discusses avoiding Yahoo's financial data issues, a safe investment strategy involving Fixed Deposits (FD) and Systematic Investment Plans (SIP), and the comparison between simple and money-weighted returns methods. There is no mention of FCF calculation.","""First, don't use Yahoo's mangling of the XBRL data to do financial analysis.  Get it from the horse's mouth: http://www.sec.gov/edgar/searchedgar/companysearch.html Search for Facebook, select the latest 10-Q, and look at the income statement on pg. 6 (helpfully linked in the table of contents).  This is what humans do. When you do this, you see that Yahoo omitted FB's (admittedly trivial) interest expense.  I've seen much worse errors. If you're trying to scrape Yahoo... well do what you must.  You'll do better getting the XBRL data straight from EDGAR and mangling it yourself, but there's a learning curve, and if you're trying to compare lots of companies there's a problem of mapping everybody to a common chart of accounts. Second, assuming you're not using FCF as a valuation metric (which has got some problems)... you don't want to exclude interest expense from the calculation of free cash flow.  This becomes significant for heavily indebted firms. You might as well just start from net income and adjust from there... which, as it happens, is exactly the approach taken by the normal """"indirect"""" form of the statement of cash flows.  That's what this statement is for.  Essentially you want to take cash flow from operations and subtract capital expenditures (from the cash flow from investments section).  It's not an encouraging sign that Yahoo's lines on the cash flow statement don't sum to the totals. As far as definitions go... working capital is not assets - liabilities, it is current assets - current liabilities.  Furthermore, you want to calculate changes in working capital, i.e. the difference in net current assets from the previous quarter.  What you're doing here is subtracting the company's accumulated equity capital from a single quarter's operating results, which is why you're getting an insane result that in no way resembles what appears in the statement of cash flows.  Also you seem to be using the numbers for the wrong quarter - 2014q4 instead of 2015q3. I can't figure out where you're getting your depreciation number from, but the statement of cash flows shows they booked $486M in depreciation for 2015q3; your number is high. FB doesn't have negative FCF.""",Direct,0.0,1.0,1.0,1.0,0.5314667224884033,0.06802721088435373,0.0995475113122172,10.996143579483032,False,,
vanilla,4979,Price difference among shares in Hong Kong and Shang Hai,"The context provided does not contain specific information about price differences among shares in Hong Kong and Shanghai. The passage discusses the independence of stock markets, the trading volume on the Hong Kong Stock Exchange, and the use of the Hong Kong Dollar, but it does not compare prices between Hong Kong and Shanghai. To answer the question accurately, additional data comparing share prices in both locations would be needed.","These markets are independent, just like any other stock market. For example, there are stocks on the Milan stock exchange that are also on the New York stock exchange and have different historical prices. Remember, this is all about offer and demand. The Hong Kong stock exchange has the Hong Kong Dollar as its currency, which is anchored to the USD. Also, there is more trade going on, on the Hong Kong stock exchange. As for the answer, I don't know whether these stocks are exactly the same. I guess they should be, but maybe somebody else could answer that.",Direct,0.0,0.6131471927654584,1.0,0.5,0.6447299718856812,0.2222222222222222,0.3274853801169591,8.83572006225586,False,,
vanilla,4986,"Website for managing personal cash inflow and outflow, applicable to India?",http://www.intuit.in/ is a website that offers services for managing personal cash inflow and outflow in India.,"https://moneycenter.yodlee.com/ You can link your bank accounts, credit cards, trading accounts etc at Yodlee. These will be updated automatically if you share your username and password from your existing financial institutions. You also have the option of creating manual accounts. You will have to manually add/update transactions.",Direct,0.0,0.7653606369886217,1.0,0.3333333333333333,0.34121063351631165,0.05714285714285714,0.02857142857142857,3.4250988960266113,False,,
vanilla,4997,Ideas on how to invest a relatively small amount of British pounds,"For a relatively small amount of British pounds, such as £2000, you might consider the following investment options:

1. **Cash ISA**: Deposit £2000 into a Cash ISA to use as an emergency fund. This provides tax-free growth and easy access to funds when needed.

2. **Investment Trusts**: If you're not a higher-rate taxpayer, you might",First I  assume you are resident for tax purposes in the UK? 1 Put 2000 in a cash ISA  as an emergency fund.  2 Buy shares in 2 or 3 of the big generalist Investment trusts as they have low charges and long track records – unless your a higher rate tax payer don’t buy the shares inside the ISA its not worth it  You could use FTSE 100 tracker  ETF's or iShares instead of Investment Trusts.,Direct,0.0,1.0,1.0,1.0,0.6337977647781372,0.2647058823529412,0.3582089552238806,10.02957010269165,False,,
vanilla,5019,Recommendation for learning fundamental analysis?,"For learning fundamental analysis, I recommend starting with online resources like Investopedia for definitions and simple examples. ""The Intelligent Investor"" by Benjamin Graham is a good introductory book, followed by ""Security Analysis"" if you're ready for more depth. Additionally, consider reading ""A Random Walk Down Wall Street"" by Burton Malkiel to understand the limitations of fundamental analysis.","The Bible of fundamental analysis was written by Graham and Dodd, and is titled Security Analysis. If you don't know the name Benjamin Graham, Warren Buffet was his student and attribute his own success to Graham.  If Security Analysis is a bit too intense for you, Graham also wrote The Intelligent Investor which is probably a better starting point.",Direct,0.0,0.7653606369886217,1.0,0.6666666666666666,0.700533390045166,0.1864406779661017,0.3728813559322034,9.001772165298462,False,,
vanilla,5026,"OTC Markets, Time, and Trading","OTC markets often involve thinly traded stocks with low volume, which can lead to significant price fluctuations due to the lack of liquidity. Additionally, certain times of day, such as 9-12 AM EST, can see increased volatility in currency pairs like EUR/USD. The opening price on OTC markets is influenced by new information and events, including corporate announcements and after-hours trading activity, which","Something to consider is that in the case of the company you chose, on the OTC market, that stock is thinly traded and with such low volume, it can be easy for it to fluctuate greatly to have trades occur.  This is why volume can matter for some people when it comes to buying shares. Some OTC stocks may have really low volume and thus may have bigger swings than other stocks that have higher volume.",Direct,0.0,0.6131471927654584,1.0,0.5,0.6751883029937744,0.1971830985915493,0.3,9.46761441230774,False,,
vanilla,5027,valuing options,"Valuing options involves assessing the potential future movements of the underlying asset and the time until expiration. Out-of-the-money options, particularly calls, can see significant changes in value when the underlying stock price moves upward. Additionally, implied volatility plays a crucial role; if the stock becomes more volatile, even if it moves erratically, the option's value can increase due to higher expected future price movements.

In","""Below I will try to explain two most common Binomial Option Pricing Models (BOPM) used. First of all, BOPM splits time to expiry into N equal sub-periods and assumes that in each period the underlying security price may rise or fall by a known proportion, so the value of an option in any sub-period is a function of its possible values in the following sub period. Therefore the current value of an option is found by working backwards from expiry date through sub-periods to current time. There is not enough information in the question from your textbook so we may assume that what you are asked to do is to find a value of a call option using just a Single Period BOPM. Here are two ways of doing this: First of all let's summarize your information: Current Share Price (Vs) = $70 Strike or exercise price (X) = $60 Risk-free rate (r) = 5.5% or 0.055 Time to maturity (t) = 12 months Downward movement in share price for the period (d) = $65 / $70 = 0.928571429 Upward movement in share price for the period (u) = 1/d = 1/0.928571429 = 1.076923077 """"u"""" can be translated to $ multiplying by Vs => 1.076923077 * $70 = $75.38 which is the maximum probable share price in 12 months time. If you need more clarification here - the minimum and maximum future share prices are calculated from stocks past volatility which is a measure of risk. But because your textbook question does not seem to be asking this - you probably don't have to bother too much about it yet. Intrinsic Value: Just in case someone reading this is unclear - the Value of an option on maturity is the difference between the exercise (strike) price and the value of a share at the time of the option maturity. This is also called an intrinsic value.  Note that American Option can be exercised prior to it's maturity in this case the intrinsic value it simply the diference between strike price and the underlying share price at the time of an exercise. But the Value of an option at period 0 (also called option price) is a price you would normally pay in order to buy it. So, say, with a strike of $60 and Share Price of $70 the intrinsic value is $10, whereas if Share Price was $50 the intrinsic value would be $0. The option price or the value of a call option in both cases would be fixed.  So we also need to find intrinsic option values when price falls to the lowest probable and rises to the maximum probable (Vcd and Vcu respectively) (Vcd) = $65-$60 = $5 (remember if Strike was $70 then Vcd would be $0 because nobody would exercise an option that is out of the money) (Vcu) = $75.38-$60 = $15.38 1. Setting up a hedge ratio:  h = Vs*(u-d)/(Vcu-Vcd) h = 70*(1.076923077-0.928571429)/(15.38-5) = 1 That means we have to write (sell) 1 option for each share purchased in order to hedge the risks. You can make a simple calculation to check this, but I'm not going to go into too much detail here as the equestion is not about hedging. Because this position is risk-free in equilibrium it should pay a risk-free rate (5.5%). Then, the formula to price an option (Vc) using the hedging approach is: (Vs-hVc)(e^(rt))=(Vsu-hVcu) Where (Vc) is the value of the call option, (h) is the hedge ratio, (Vs) - Current Share Price, (Vsu) - highest probable share price, (r) - risk-free rate, (t) - time in years, (Vcu) - value of a call option on maturity at the highest probable share price. Therefore solving for (Vc): (70-1*Vc)(e^(0.055*(12/12))) = (75.38-1*15.38) => (70-Vc)*1.056540615 = 60 => 70-Vc = 60/1.056540615 => Vc = 70 - (60/1.056540615)  Which is similar to the formula given in your textbook, so I must assume that using 1+r would be simply a very close approximation of the formula above. Then it is easy to find that Vc = 13.2108911402 ~ $13.21 2. Risk-neutral valuation: Another way to calculate (Vc) is using a risk-neutral approach. We first introduce a variable (p) which is a risk-neutral probability of an increase in share price. p = (e^(r*t)-d)/(u-d) so in your case: p = (1.056540615-0.928571429)/(1.076923077-0.928571429) = 0.862607107 Therefore using (p) the (Vc) would be equal: Vc = [pVcu+(1-p)Vcd]/(e^(rt)) => Vc = [(0.862607107*15.38)+(0.137392893*5)]/1.056540615 => Vc = 13.2071229185 ~ $13.21 As you can see it is very close to the hedging approach. I hope this answers your questions. Also bear in mind that there is much more to the option pricing than this. The most important topics to cover are: Multi-period BOPM Accounting for Dividends Black-Scholes-Merton Option Pricing Model""",Direct,0.0,0.0,0.0,0.0,0.5861491560935974,0.0661521499448732,0.0744920993227991,10.40883994102478,False,,
vanilla,5028,Is it wise to invest in bond fund when interest rates are low?,"Yes, according to the context provided, it is considered wise to invest in bond funds even in a low-interest environment. The passage suggests that bond funds offer safety, especially with Treasury Bonds, which are often seen as very safe investments. Additionally, bond funds can serve as a hedge against declines in equity investments due to their price movements not being tightly correlated with equity markets. However, the context also mentions","This is just a pedestrian (my) opinion: Yes, It is wise to invest in bond funds even in a low interest environment. Check out the lazy man's portfolio on bogleheads. The reason is:",Direct,0.0,1.0,1.0,1.0,0.8136510252952576,0.32380952380952377,0.3076923076923077,9.920663118362427,False,,
vanilla,5050,Rollover 401k into Roth IRA?,"Rollover a 401k into a Roth IRA is possible, but it involves different tax considerations compared to a traditional IRA rollover. When you roll over a 401k into a Roth IRA, the funds are considered a distribution from the 401k and would be taxable in the year of the rollover unless you meet certain conditions (such as having owned the","For #1, I see no advantage in putting money from your non-retirement savings into a Roth just for the purpose of using it as a down payment on your house.  Why not just put the $5.5K directly toward the down payment? For #2, dollars converted from a traditional 401K or IRA to a Roth are considered income, and will be taxed at your marginal rate.  So if your marginal tax rate is 25%, you will need to pay $5K in order to convert the $20K.  Usually this payment is done independent of the conversion amount--in other words, you would convert the full $20K but pay the $5K in taxes out of other funds (checking/savings). Based on your stated goals of using the money for a down payment on a house, I don't see any advantage to contributing (or converting) to a Roth IRA.",Direct,0.0,0.0,0.0,0.0,0.4884881377220154,0.18269230769230765,0.33980582524271846,9.950881004333496,False,,
vanilla,5055,Does re-financing an FHA-insured mortgage incur the UFMIP again?,"Based on the provided context, refinancing an FHA-insured mortgage does not necessarily incur the Upfront Mortgage Insurance Premium (UFMIP) again. The context mentions that when an FHA loan is refinanced, the refund from the old UFMIP premium may be applied toward the up-front premium required for the new loan. This suggests that the UFMIP is not re-incurred but rather the","When you got your original HUD backed mortgage there were three options: monthly, annual and upfront payments. The plan is designed to insure the lender of the mortgage against your default. The plan is not expected to cover the mortgage for 30 years.  If you are in the early years of the mortgage, you may be owed a refund for the unused years. HUD has a Fact sheet discussing this, and a page to help you determine if they owe you a refund. If you are refinancing back into a HUD/FHA mortgage they will not give you a refund, but will roll the refund back into your new loan. FHA to FHA Refinances: When an FHA loan is refinanced, the refund from the old premium may be applied toward the up-front premium required for the new loan. Note: Depending on the year of the original loan the government has different lengths they used for coverage and refunds. I suggest you use the webpage to determine if you are due a refund, or a roll over.",Direct,0.0,1.0,1.0,1.0,0.6446902751922607,0.2833333333333333,0.3305084745762712,9.879186391830444,False,,
vanilla,5063,Effective Interest Rate from bifurcated interest rate,"The effective interest rate from bifurcated interest rate in the context provided can be understood as follows:

1. The first credit card had a high interest rate, but the exact rate wasn't specified.
2. The second credit card was tied to a HELOC with an interest rate fixed to ""prime,"" which was very low at the time, with an estimated effective rate of around 3%.","If the APR is an effective rate. If the APR is a nominal rate compounded monthly, first convert it to an effective rate.",Direct,0.0,1.0,1.0,1.0,0.5318623781204224,0.2247191011235955,0.2696629213483146,8.993761777877808,False,,
vanilla,5076,What if you get pre-approved for a mortgage but don't find a house in the pre-approval timeframe?,"If you get pre-approved for a mortgage but don't find a house within the pre-approval timeframe, the preapproval may still be extended, especially if you have already made an offer and the escrow has been opened. This extension allows the deal to proceed even if the preapproval expires before closing, though the lender might charge an application fee for this extension.","""As mentioned before - you're over-thinking the hard-pull issue. But do try to make the preapproval as close to the actual bidding as possible - because it costs money. At least from my experience, you'll get charged the application fee for preapproval, while """"pre-qualification"""" is usually free. If you're seriously shopping, I find it hard to believe that you can't find a house within 3 months. If you're already in the process and your offer has been accepted and you opened the escrow - I believe the preapproval will be extended if it expires before closing. I've just had a similar case from the other side, as a buyer, and the seller had a short-sale approval that expired before closing. It was extended to make the deal happen, and that's when the bank is actually loosing money. So don't worry about that. If you haven't even started the process and the preapproval expired, you might have to start it all over again from scratch, including all the fees. The credit score is a minor issue (unless you do it every 2-3 months).""",Direct,0.0,1.0,1.0,1.0,0.7876615524291992,0.1867704280155642,0.33201581027667987,9.83789849281311,False,,
vanilla,5096,What effect will the financial reform bill have on everyday Americans?,"The provided context does not contain any information about the effects of a financial reform bill on everyday Americans. Therefore, based on the given text, I cannot provide an answer to that specific question.","""The Wall Street Journal says in its """"For Consumers"""" section of its infographic: There's also some new agencies (including a """"consumer watchdog agency""""), and some new rules the SEC can implement, and it lets state pass more laws affecting national banks, but it doesn't look like there's much in particular that it does for consumers right away. Source - http://online.wsj.com/article/SB10001424052748704569204575329211031691230.html""",Direct,0.0,0.0,0.0,0.0,0.48432105779647827,0.09803921568627452,0.11650485436893206,6.327526807785034,False,,
vanilla,5114,Can someone help me understand my student loans?,"Certainly! Based on the context provided, here’s a summary to help you understand your student loans:

1. **Interest Accrual**: 
   - **Subsidized Loans**: Interest does not accrue while you are in school.
   - **Unsubsidized Loans**: Interest begins to accrue immediately after the loan is disbursed, even if you don’t have to start making payments","""The first loan looks like it did not have its interest subsidized while you were in school, so interest was accruing eventhough you didn't have to start making payments on it yet. With the $73 payment you made, the bank is allocating the funds in a pre-determined split that is in their best interest - NOT yours! While you do need to pay them down (and eventually off), at the current rate it will take ~169 months (with no more interest accruing) to do so. Most likely, with interest continuing to accrue, you're looking more in the neighborhood of 17 years, rather than 14 (these are back-of-the-envelope numbers). The payoff balance listed is the current principle plus interest that will accrue before the next processing date - so it is usually a little higher than the """"actual"""" balance, because the interest is accruing daily (albeit in very small percentages (1/365 of the loan's percentage)).""",Direct,0.0,0.2960819109658652,0.5,0.25,0.550492525100708,0.1596244131455399,0.3004694835680751,10.957830905914307,False,,
vanilla,5142,How do I set up my finances when first moving out?,"When first moving out, it's important to establish a solid financial foundation to ensure stability and preparedness for unexpected expenses. Here are key steps to consider:

1. **Start Saving**: Begin by saving as much as possible. Since your income varies due to commission, focus on building a savings cushion.

2. **Emergency Fund**: Aim to create an emergency fund covering 3-6 months of expenses","The first thing you need to do is to set yourself a budget. Total all your money coming in (from jobs, allowances, etc.) and all your money going out (including rent, utilities, loan repayments, food, other essential and the luxuries).  If your money coming in is more than your money going out, then you are onto a positive start. If on the other hand your money going out is more than the money coming in, then you are at the beginning of big trouble. You will have to do at least one of 2 things, either increase your income or reduce your expenses or both. You will have to go through all your expenses (money going out) and cut back on the luxuries, try to get cheaper alternatives for some of your essential, and get a second job or increase your hours at your current job. The aim is to always have more money coming in than the money you spend. The second thing to do is to pay off any outstanding debts by paying more than the minimum amounts and then have some savings goals. You said you wanted to save for a car - that is one saving goal. Another saving goal could be to set up a 6 month emergency fund (enough money in a separate account to be able to survive at least 6 months in case something happened, such as you lost your job or you suddenly got sick). Next you could look at getting a higher education so you can go out and get higher paying jobs. When you do get a higher paying job, the secret is not to spend all your extra money coming in on luxuries, you should treat yourself but do not go overboard. Increase the amounts you save and learn how to invest so you can get your savings to work harder for you. Building a sound financial future for yourself takes a lot of hard work and discipline, but once you do get started and change the way you do things you will find that it doesn't take long for things to start getting easier. The one thing you do have going for you is time; you are starting early and have time on your side.",Direct,0.0,0.0,0.0,0.0,0.7052444219589233,0.0857787810383747,0.1489841986455982,10.808948755264282,False,,
vanilla,5147,"I'm 23, living at home, and still can't afford my own property. What could I do?","Given your situation at age 23, living at home and struggling to afford your own property, here are some steps you could consider:

1. **Increase Your Income**: Look for ways to boost your earnings. This could involve seeking a higher-paying job, taking on freelance work, or investing in skills that could lead to better career opportunities.

2. **Reduce Expenses**: Evaluate your spending habits and","You have made the most important first step by starting to think about your money, well done. Firstly pay of all credit cards as quickly as you can and start to live within your means.  Until you have paid of your credits cards don’t spend any money of unnecessary items, e.g. Once your credit cards are paid off you can start living a more normal life.  Each time you spend money you need to ask yourself: Is this worth more to be then being   able to buy a new house in a few years   time? You should be able to save at least half the amount you were paying of the credit card each mouth and still leave a reasonable life, so setup a standing order at the start of the month to  your saving account. Given your age you are like to get promoted and hence have increased pay or get increments for each year of service.  Therefore Every time your pay goes up, set up a   standing order to transfer at least   half of the pay increases to a saving   account.   You did not have this money   before, so you will not miss it when    you save it. In the long term, you should be able to keep your car until it is about 15 years old, so will not have the cost of buying another car.  Therefore once the car loan is over, you can save that money as well.",Direct,0.0,0.2960819109658652,0.5,0.3333333333333333,0.45955124497413635,0.0967741935483871,0.1488673139158576,11.795871019363403,False,,
vanilla,5167,What is an accounting term that factors growth as a function of time and discount rate?,"The accounting term that factors growth as a function of time and discount rate is the Present Value (PV) or Future Value (FV), depending on the context. Specifically, the Present Value of a $1 (PVIF) and the Future Value of a $1 (FVIF) are used to account for the time value of money, incorporating both growth and discounting based on the interest","Since you are trying to compare corporate bonds that have a defined coupon over the specified time of the bond. Why not use a simple Net Present Value (NPV) calculation. Refer: Net Present Value (NPV) You could use the discounting factor as the current repo rate of your central bank. As I said, this would be a simple fast measure (not considering risk rating of the bonds, inflation and other considerations). Take a notional 1000 as invetment in each instrument and calculate the NPV, higher it is better the investment. Another method, in terms of percentage return would be Internal rate of Return (IRR). Though the calcualtionis a bit more complicated, it would give you a percentage figure. Note, the above 2 measures are used when the cashflow over the time period is known. It will not work for instruments where the cashflow/value over different time are not known. Like stocks.",Direct,0.0,0.0,0.0,0.0,0.4700247049331665,0.18691588785046728,0.29906542056074764,8.96531343460083,False,,
vanilla,5179,What is a formula for calculating equity accumulated while repaying car loan?,"The context provided does not contain a direct formula for calculating equity accumulated while repaying a car loan. Instead, it discusses the components needed for loan payment calculations and mentions that the present value (PV) portion of the loan payment formula uses the original loan amount, which is essentially the present value of the future payments on the loan.

To calculate equity accumulated while repaying a car loan, you would generally","Here is a simple way to analyze the situation. Go to your bank or credit union website and use their loan calculator with their current real interest rates and down payment requirements. Enter the rate, and number of years. Enter different values for the loan amount to get the monthly payment to the level you want ($400). Today for my credit union, the max loan would be about $9,500. Keep in mind there may be taxes, registration fees, and down payment on top of this. Jump ahead two years. The loan is paid off, the car is owned free and clear. You will be able to sell it and get some money in your pocket.  If you go for a longer term loan to keep the payments under your goal the issue is that in two years you might be upside down on the loan. The car may be worth less than the remaining balance on the loan. Your equity would be negative.",Direct,0.0,0.6131471927654584,1.0,0.5,0.41932132840156555,0.1872340425531915,0.2978723404255319,10.434388637542725,False,,
vanilla,5187,Payroll taxes on exercised stock options,"Payroll taxes on exercised stock options are not applicable since stock options are not considered regular wages or salary. The exercise of stock options involves the purchase of stock at a predetermined price (strike price), and the associated taxes would be capital gains taxes rather than payroll taxes. Any income recognized from the exercise would be subject to federal and state income taxes, but not specifically payroll taxes. Additionally, if the stock","To explain the capital gains part of the question, non qualified stock options (NSOs) are always treated like earned income and have payroll taxes withheld. It's advantageous for the company to issue these because they can deduct them as expenses just as they do your salary. Articles talking about capital gains would probably be referring to incentive stock options (ISOs) or possibly even restricted stock units (RSUs). If you were granted the option to buy the stock and/or hold it for a period of time, then the stock options could be treated as capital gains, short-term gains if you held them for less than a year, and long-term gains if you held them for more than a year. This payment for your NSOs is exactly like a cash bonus. The withholding follows the same guidelines. You may wish to look at what this will mean for your annual salary and adjust your W-4 withholding up or down as appropriate depending on whether the 25% federal withholding rate is more or less than what you think your final marginal rate will be with this bonus included in your annual salary.",Direct,0.0,0.0,0.0,0.0,0.5835338234901428,0.15037593984962405,0.2661596958174905,9.947091817855835,False,,
vanilla,5201,How to understand the caculation of interest for credit cards?,"To understand the calculation of interest for credit cards:

1. **Grace Period**: If you pay the balance in full within the grace period (typically around 25 days), you won't incur any interest.

2. **Interest Calculation**: If you don't pay the balance in full by the due date, interest starts accruing from the day you made the purchase. Credit cards usually charge an Annual","Suppose you have been paying interest on previous charges in the past. Your monthly statement is issued on April 12, and (since you just received your income tax refund), you pay it off in full on April 30.  You don't charge anything to the card at all after April 12.  Thus, on April 30, your credit card balance  shows as zero since you just paid it off.  But your April 12 statement billed you for interest only till April 12.  So, on May 12, your next monthly bill will be for the interest for your nonzero balance from April 13 through April 30. Assuming that you still are not making any new charges on your card and pay off the May 12 bill in timely fashion, you will finally have a zero bill on June 12. What if you charge new items to your credit card after April 12? Well, your balance stopped revolving on April 30, and that's when interest is no longer charged on the new charges. But you do owe interest for a charge on April 13 (say) until April 30 when your balance is no longer revolving, and this will be added to your bill on May 12. Purchases made after April 30 will not be charged interest unless you fall off the wagon again and don't pay your May 12 bill in full by the due date of the bill (some time in early June).",Direct,0.0,0.0,0.0,0.0,0.6489251255989075,0.14935064935064934,0.2532467532467532,11.33031964302063,False,,
vanilla,5235,Leasing a car I intend to buy,"Leasing a car you intend to buy is generally not recommended. Leasing involves paying for the depreciation of the car over a shorter period, which typically results in higher costs compared to buying outright or financing. Here are key points to consider:

1. **Depreciation**: Cars lose value quickly, especially in the first few years. Leasing locks you into paying for this rapid depreciation.

2.","What does not seem reasonable about your plan is the payment and buyout.  While $200/month payments are possible (but hard to find), buyouts are more typically in the five figure range. Given that your savings and desired payment for a car is low (the average car payment today is about 450/month), can you really afford the massive depreciation of a late model vehicle? Why not purchase a 2000 car now, and save the 200-300 per month?  In about a year you could move up to a ~5000 car.  You can buy a pretty nice car for 5K.   Myself, I am on my third year of driving a 4000 car.",Direct,0.0,0.46927872602275644,1.0,0.3333333333333333,0.5068405270576477,0.13636363636363635,0.25142857142857145,11.299529314041138,False,,
vanilla,5263,Better approach to close loans?,"Better approaches to closing loans include focusing on paying minimum payments on two loans while aggressively paying down the third loan. This method balances financial efficiency with psychological benefits. Additionally, consider refinancing with your current lender to extend the loan term and reduce monthly payments, though this may result in paying more interest over time. Avoid cutting costs by skipping title insurance unless you are a cash buyer, as it is crucial for","""It is typically best to pay minimum payments to 2 of the loans and pay aggressively on the third loan. Some will tell you to pay the highest interest rate loan off first because """"personal finance"""" is about """"finance"""" and mathematically that saves you the most interest. Some will tell you to pay the smallest balance loan off first because """"personal finance"""" is """"personal"""" and the psychological """"win"""" of paying off a loan is more valuable than the small amount of interest difference between this strategy and paying off the loan with the highest interest rate first.""",Direct,0.0,0.5,0.3333333333333333,1.0,0.6870099306106567,0.19999999999999998,0.2823529411764706,9.904802560806274,False,,
vanilla,5268,Why real estate investments are compared via “cap rate”?,"Real estate investments are compared via ""cap rate"" because it provides a standardized way to evaluate the potential return on investment without considering the financing method. The cap rate allows investors to compare different properties by expressing the annual return as a percentage of the property's value, making it easier to assess which property offers the best efficiency in terms of income generated relative to the amount of money invested. This metric is particularly",Cap Rate is the yearly return NOT including your mortgage. Everyone will finance the property differently.  From 0% - 100% down. This is why Cap Rate is the best way to compare properties.  Once you include your finance it is then called Cash-On Cash Return (CCR).,Direct,0.0,0.9197207891481876,1.0,1.0,0.7978836894035339,0.21487603305785125,0.29752066115702486,9.840837478637695,False,,
vanilla,5337,Can a F-1 student visa holder loan a car from bmw?,"The context provided does not contain information about BMW car loans for F-1 student visa holders. Therefore, based on the given context, there is no direct answer to whether an F-1 student visa holder can loan a car from BMW. The context focuses on student loans, credit scores, and contracts involving minors, but does not address BMW car loans specifically.","Most states do have a cooling-off period where the buyer can rescind the purchase as well as a legally allowed limit to how long the dealer has to secure financing when they buyer has opted for dealer-financing. If the dealer did inform you during the allowed window, they will refund your down payment minus mileage fees at a state set cost per mile that you used the car. If the dealer did not inform you during the allowed window, depending on the state, they may have to refund the entire down payment. In any case, the problem is that the bank does not want to offer you the loan, you can try to negotiate and have the dealer use what leverage they have to coerce the bank, but there is probably no way for you to force the loan through. Alternatively you can seek your own financing from your own bank or credit union, which will likely allow the sale to go through. UPDATE - Colorado laws allow the dealer 10 days to inform you that they cannot obtain financing on the terms agreed upon in the original contract. That contract contained wording related to the mileage fees. You can find that info on page 8 of the linked PDF under the heading D. USAGE FEE AND MILEAGE CHARGE",Direct,0.0,0.0,0.0,0.0,0.30129027366638184,0.09929078014184396,0.15053763440860213,10.318837642669678,False,,
vanilla,5370,How should my brother and I structure our real estate purchase?,"To structure your real estate purchase with your brother, you should consider the following steps:

1. **Legal Advice**: Consult with a lawyer to ensure all aspects of the transaction comply with local laws and regulations. This includes understanding the legal requirements for co-ownership and any necessary documentation.

2. **Formal Ownership Agreement**: Draft a formal ownership agreement that clearly outlines the roles, responsibilities, and financial contributions","""Because this question seems like it will stick around, I will flesh out my comments into an actual answer. I apologize if this does not answer your question as-asked, but I believe these are the real issues at stake. For the actual questions you have asked, I have paraphrased and bolded below: Firstly, don't do a real estate transaction without talking to a lawyer at some stage [note: a real estate broker is not a lawyer]. Secondly, as with all transactions with family, get everything in writing. Feelings get hurt when someone mis-remembers a deal and wants the terms to change in the future. Being cold and calculated now, by detailing all money in and out, will save you from losing a brother in the future. """"Should my brother give me money as a down payment, and I finance the remainder with the bank?"""" If the bank is not aware that this is what is happening, this is fraud. Calling something a 'gift' when really it's a payment for part ownership of 'your' house is fraud. There does not seem to be any debate here (though I am not a lawyer). If the bank is aware that this is what is happening, then you might be able to do this. However, it is unlikely that the bank will allow you to take out a mortgage on a house which you will not fully own. By given your brother a share in the future value in the house, the bank might not be able to foreclose on the whole house without fighting the brother on it. Therefore they would want him on the mortgage. The fact that he can't get another mortgage means (a) The banks may be unwilling to allow him to be involved at all, and (b) it becomes even more critical to not commit fraud! You are effectively tricking the bank into thinking that you have the money for a down payment, and also that your brother is not involved! Now, to the actual question at hand - which I answer only for use on other transactions that do not meet the pitfalls listed above: This is an incredibly difficult question - What happens to your relationship with your brother when the value of the house goes down, and he wants to sell, but you want to stay living there? What about when the market changes and one of you feels that you're getting a raw deal?  You don't know where the housing market will go. As an investment that's maybe acceptable (because risk forms some of the basis of returns). But with you getting to live there and with him taking only the risk, that risk is maybe unfairly on him. He may not think so today while he's optimistic, but what about tomorrow if the market crashes? Whatever the terms of the agreement are, get them in writing, and preferably get them looked at by a lawyer. Consider all scenarios, like what if one of you wants to sell, does the other have the right to delay, or buy you out. Or what if one if you wants to buy the other out? etc etc etc. There are too many clauses to enumerate here, which is why you need to get a lawyer.""",Direct,0.0,0.7653606369886217,1.0,0.6666666666666666,0.660057544708252,0.07096774193548387,0.10339256865912762,10.992768287658691,False,,
vanilla,5381,Question about large capital gain,"The context provided discusses how gains from Restricted Stock Units (RSUs) and equity sales are taxed differently. RSU gains are considered part of salary for tax purposes, while gains from selling vested RSUs can be offset by capital losses. The context also mentions that if a check is written to the company instead of to an individual, it represents the company trading shares for money rather than an individual compensating","How much Federal Capital Gains, NYS Income tax and local tax should I expect to pay? You're going to net about 2.4 millions of dollars. Federal long term capital gains tax is 20% (plus 3.8% medicare), NYS is 8.82%. Does it make sense to investigate the tax benefits of financing the sale for the buyer? Yes. Have your tax adviser check the options for you (financing, instalment, etc), especially if you have no other US-sourced income. Tax treaties are also something your tax adviser should be looking at. Be sure your tax adviser is properly licensed in New York as either EA, CPA or Attorney. Don't do anything without a proper tax advice.",Direct,0.0,0.0,0.0,0.0,0.28531521558761597,0.12698412698412698,0.25531914893617025,9.941115856170654,False,,
vanilla,5388,Wash sale rules in India (NSE/BSE),"Wash sale rules in India do not specifically prohibit the practice of selling and then buying back the same security on the same day. According to the provided context, such transactions are generally treated as intra-day trades rather than wash sales. Any profit from such transactions would be subject to taxation at the applicable tax rates for capital gains. For detailed advice, it is recommended to consult a Chartered Accountant (","I sold it at 609.25 and buy again at 608.75 in the same day If you Sold and bought the same day, it would be considered as intra-day trade. Profit will be due and would be taxed at normal tax brackets. Edits Best Consult a CA. This is covered under Indian Accounting Standard AG51 The following examples illustrate the application of the derecognition principles of this Standard.   (e)  Wash sale transaction. The repurchase of a financial asset shortly after it has been sold is sometimes referred to as a wash sale. Such a repurchase does not preclude derecognition provided that the original transaction met the derecognition requirements. However, if an agreement to sell a financial asset is entered into concurrently with an agreement to repurchase the same asset at a fixed price or the sale price plus a lender's return, then the asset is not derecognised. This is more relevant now for shares/stocks as Long Term Capital Gains are tax free, Long Term Capital Loss cannot be adjusted against anything. Short Term Gains are taxed differentially. Hence the transaction can be interpreted as tax evasion, professional advise is recommended. A simple way to avoid this situation; sell on a given day and buy it next or few days later.",Direct,0.0,1.0,1.0,1.0,0.7278814315795898,0.17543859649122806,0.2685512367491166,9.485754489898682,False,,
vanilla,5398,Is it legal to charge interest on interest?,"In many jurisdictions, it is generally legal to charge interest on interest, though there can be specific regulations and limitations depending on the local laws. The context provided discusses various aspects of interest, including its theological and historical perspectives, but does not directly address the legality of charging interest on interest. The statement ""You expect interest because you forgo the opportunity of using the money as well as the risk of losing","Yes it most cases it is legal. Plus depending on how you look at it, the last payment of 1000 can be principal paid and interest was paid in initial installments.",Direct,0.0,1.0,1.0,1.0,0.4425501823425293,0.17475728155339806,0.25242718446601947,9.349133968353271,False,,
vanilla,5406,22-year-old inherited 30k from 529 payout - what is the best way to invest?,"For a 22-year-old inheriting $30,000 from a 529 plan payout, the best way to invest would be to first check the maximum contribution limits for tax-advantaged retirement accounts like a Traditional or Roth IRA. If the full $30,000 does not fit into these accounts due to contribution limits, use the remaining amount to back","Many people have provided very good answers to this question and all the answers provide sound advice and justification. Below are some of my thoughts on the questions that you have put forward. 1) The investment manager question: The returns on your capital for a half year has been quite low; having said that, some investments do take more than half year to show some growth. You could try talking to your investment manager and ask where your money has been deployed and why the returns are low. If there are no real explanation given forth (which would be more likely as you have mentioned your investment manager does not like to discuss your money with you) you should conside Xolorus & Pete's advice and forthwith take all your money from investment manager and park it in the bank till you figure out what to do next with it. 2) Finances are not my forte: At 22 finance is nobodies forte, it takes longer than that; however having said that, how do you know finance is actually not your forte? Being a computer science graduate you would be more than comfortable with the mathematics required for finance. You may not have looked seriously at finance till now (I assume by your statement). Once way to be certain about this would be self learning, some good books have been refered above and there are online information, courses and articles on the Internet, for example here. You could give some spare time and explore if finance interests you or not. 3) If finance interests you: Then consider the 30K as your seed fund and take a small portion of it say 2K and try out your hand at investing on your own in the instruments that you feel most comfortable and see how you fare, you are young enough to take the risk. Rest of the money you could put in other low risk instruments (that you have identified through self study) 4) If finance does not interest you: The probably you are better off with an investment manager, as observed above, it will take some time for you to identify him/her 5) On returns: As mentioned above different instruments produce returns differently, however, one question that is universally asked is how much return on an invetment shoule one expect (you were expecting more than $12 on your investment). It is a difficult question to answer as invetment returns and investment needs depend on a persons financial goals and risk taking profile. One way to have some measure is to take 15-20 years CAGR of the stock index return and reduce it by 2-3%, that is (in many cases, not all) a reasonable return expectation in medium-long term.",Direct,0.0,0.46927872602275644,1.0,0.25,0.44207775592803955,0.07321772639691715,0.08576998050682262,11.366876363754272,False,,
vanilla,5425,Keeping our current home (second property) as a rental. Will it interfere with purchasing a third home?,"Keeping your current home (second property) as a rental might interfere with purchasing a third home due to the debt payment ratio constraint. Specifically, you should ensure that your monthly debt payments, including the new mortgage for the third home and the rental property, do not exceed 36% of your monthly income. Only 75% of the expected monthly rental income from your second property can be counted","There's a couple issues to consider: When you sell your primary home, the IRS gives you a $500k exemption (married, filing jointly) on gain.  If you decide not to sell your current house now, and you subsequently fall outside the ownership/use tests, then you may owe taxes on any gains when you sell the house. Rather than being concerned about your net debt, you should be concerned about your monthly debt payments.  Generally speaking, you cannot have debt payments of more than 36% of your monthly income.  If you can secure a renter for your current property, then you may be able to reach this ratio for your next (third) property. Also, only 75% of your expected monthly rental income is considered for calculating your 36% number. (This is not an exhaustive list of risks you expose yourself to). The largest risk is if you or your spouse find yourself without income (e.g. lost job, accident/injury, no renter), then you may be hurting to make your monthly debt payments.   You will need to be confident that you can pay all your debts.  A good rule that I hear is having the ability to pay 6 months worth of debt.  This may not necessarily mean having 6 months worth of cash on hand, but access to that money through personal lines of credit, borrowing against assets, selling stocks/investments, etc. You also want to make sure that your insurance policies fully cover you in the event that a tenant sues you, damages property, etc.  You also don't want to face a situation where you are sued because of discrimination.  Hiring a property management company to take care of these things may be a good peace-of-mind.",Direct,0.0,0.6131471927654584,1.0,0.5,0.7564901113510132,0.15083798882681565,0.23595505617977527,10.454359531402588,False,,
vanilla,5465,How can I get the car refinanced under my name if my girlfriend signed for the loan?,"To get the car refinanced under your name, you would need to refinance the existing loan in your own name. This typically involves applying for a new loan with your credit score and financial situation. Here are the general steps:

1. **Check Your Credit Score**: Ensure you have a good enough credit score to qualify for a loan. Lenders often require a minimum credit score for approval.

2","""The best solution is to """"buy"""" the car and get your own loan (like @ChrisInEdmonton answered). That being said, my credit union let me add my spouse to a title while I still had a loan for a title filing fee.   You may ask the bank that holds the title if they have a provision for adding someone to the title without changing the loan.   Total cost to me was an afternoon at the bank and something like $20 or $40 (it's been a while).""",Direct,0.0,0.7653606369886217,1.0,0.6666666666666666,0.5497509241104126,0.18181818181818182,0.2987012987012987,10.82948350906372,False,,
vanilla,5501,Is it possible to be subject to cash withdrawal even if you don't use ATM?,"Yes, it is possible to be subject to cash withdrawal fees even if you don't use an ATM. Credit cards always charge for cash withdrawals, whether done through an ATM or in person at a bank or other financial institution.",Probably not. I say probably because your credit card's terms of service may treat certain purchases (I'm thinking buying traveler's checks off-hand) as cash advances. See also this question.,Direct,0.0,0.0,0.0,0.0,0.6227231025695801,0.08108108108108109,0.05479452054794521,5.968190670013428,False,,
vanilla,5508,what is shareholders' Equity in balance sheets?,"Shareholders' Equity in balance sheets consists of the initial capitalization of the company (the equity that was put into the company when it was founded plus subsequent increases in equity due to share issues) and retained earnings (the amount of money the company has made over and above capitalization, which has not been redistributed back to shareholders). It represents the firm's total equity financing. Both the initial capitalization","Shareholder's Equity consists of two main things: The initial capitalization of the company (when the shares were first sold, plus extra share issues) and retained earnings, which is the amount of money the company has made over and above capitalization, which has not been re-distributed back to shareholders. So yes, it is the firm's total equity financing-- the initial capitalization is the equity that was put into the company when it was founded plus subsequent increases in equity due to share issues, and retained earnings is the increase in equity that has occurred since then which has not yet been re-distributed to shareholders (though it belongs to them, as the residual claimants). Both accounts are credited when they increase, because they represent an increase in cash, that is debited, so in order to make credits = debits they must be credits. (It doesn't mean that the company has that much cash on hand, as the cash will likely be re-invested). Shareholder's Equity is neither an asset nor a liability: it is used to purchase assets and to reduce liabilities, and is simply a measure of assets minus liabilities that is necessary to make the accounting equation balance: Since the book value of stocks doesn't change that often (because it represents the price the company sold it for, not the current value on the stock market, and would therefore only change when there were new share issues), almost all changes in total assets or in total liabilities are reflected in Retained Earnings.",Direct,0.0,1.0,1.0,1.0,0.8529009819030762,0.29357798165137616,0.40740740740740744,10.434491157531738,False,,
vanilla,5522,"In the UK, could low-income pensioners (or those near a low-income retirement) find a student loan useful for boosting their finances?","In the UK, low-income pensioners or those nearing retirement might find a student loan potentially useful for boosting their finances, but it would depend on several factors. The context suggests that taking out a student loan could provide a significant sum upfront, such as £1138 in this case, which could be beneficial for immediate financial needs. However, the loan would need to be repaid, and","In theory - Yes. So as long as someone will accept you as a (very) mature student, you plan to never earn over 21k a year for the next 30 years (no longer wiped out at 65), you could get a loan, slightly unethically (unless you fancy doing the course). Also if you did have to start paying it back - since interest rates are currently 6.1% this means the loan is doubling potentially just under every 12 years (approx) As to the side question of is it fraud?  I couldn't say.  Is a student getting maximum loans but planning on being a jobless bum for the rest of their lives and never paying back loans also committing fraud?  One could argue Yes, but i don't believe a lack of ambition is currently illegal.",Direct,0.0,0.38685280723454163,0.5,0.5,0.5478653907775879,0.13930348258706468,0.2475247524752475,10.90195894241333,False,,
vanilla,5539,"How can risk-reward relationship exist, since the losses due to the risk should offset the reward?","The risk-reward relationship exists because the potential gains from taking on higher risk do not necessarily offset the potential losses. While the standard deviation of returns increases with higher risk, meaning larger possible gains, the expected value of those returns remains positive on average for certain investments like stocks and bonds. This is because the market generally rewards higher risk-taking with higher expected returns. However, the variability or risk also increases","Risk in finance is defined as standard deviation of returns. This is a measure of size of your returns, both negative and positive. Since the mean return is positive (at least for the stock market and fixed income), if you double the standard deviation your mean return also doubles along with it. In this way you are compensated by the market for taking on more risk.",Direct,0.0,0.38685280723454163,0.5,0.5,0.7526453733444214,0.2302158273381295,0.32116788321167883,10.433817863464355,False,,
vanilla,5544,Line of credit for investment,"The context suggests that the interest on a line of credit is generally not deductible for personal expenses or general consumption. However, there is an argument that the interest on a line of credit could be deductible if the borrowed money is used to invest, similar to how interest on loans taken out for business purposes can sometimes be deducted. This deduction would depend on specific tax laws and the nature of the investment.",What you are describing is called a Home Equity Line of Credit (HELOC). While the strategy you are describing is not impossible it would raise the amount of debt in your name and reduce your borrowing potential. A recent HELOC used to finance the down payment on a second property risks sending a signal of bad financial position to credit analysts and may further reduce your chances to obtain the credit approval.,Direct,0.0,0.0,0.0,0.0,0.4965573251247406,0.1917808219178082,0.2876712328767123,9.925480365753174,False,,
vanilla,5554,Question about being a resident,"The status of being a resident can vary depending on the specific rules of the jurisdiction you are inquiring about. For tax purposes in Oregon, you are most likely considered a Partial-Year resident if you moved into the state last year. However, you might be eligible as a Full-Year resident under certain conditions, so it's important to review the state's tax residency rules.

More generally, residency status can","This sort of involves personal finance, and sort of not. But it's an interesting question, so let's call it on topic? Short answer: yes. Long answer: it depends who's asking. If you're trying to qualify for in-state tuition, for example, you need to have been in state for a certain amount of time. For tax purposes, the first year you move to a new state you need to file part-time resident returns in your previous and current state of residency",Direct,0.0,0.7653606369886217,1.0,0.6666666666666666,0.49961546063423157,0.189873417721519,0.33766233766233766,9.862885475158691,False,,
vanilla,5561,What is the incentive for a bank to refinance a mortgage at a lower rate?,"The incentive for a bank to refinance a mortgage at a lower rate is to retain the customer and keep the loan within their institution for the duration of the new, longer loan term. By doing so, the bank can continue to earn interest on the loan over a longer period, maximizing their income from the loan. Additionally, if the customer refinances with a different bank, the original bank can sell","1- Wells Fargo does not own our current mortgage.  They have bundled it and sold it as an investment. 2- They make their money from 'servicing' the loan.  Even if they only get $50 per month to service it (3% of our monthly payment), that adds up to $50,000,000 per month if they have a million homes under management.  That is $600 million per year for each million homes being serviced 3- Managing the escrow gets them additional profit, because they can invest it and earn 2-3%.  If 1,000,000 homes have an average balance of $2,000 in their escrow accounts, they can earn up to $60 per year, or $60,000,000 annually. 4- They make $1,000 every time they refinance the home.  This is the approximate profit after paying real closing costs.  Refinance those million homes, and you make a cool billion in profit! 5- They also want to be sure that they keep us as a customer.  By lowering our payment, they decrease the likelyhood that we will refinance with someone else, and we are less likely to default.  (Not that they lose if we default, because they don't own the loan!) 6- they make additional profit by paying off the old loan (they don't own it… remember), then packaging and selling the new mortgage.  Since they are selling it as a security, they sell for future value, meaning they sell our $200,000 loan for a valuation of $360,000.  This means that they sell for $200,000 PLUS some fraction of the additional $160,000.  Let's say they only want a 10% premium of the $360,000 valuation.  That means they sell our $200,000 loan for $236,000.  They pocket $36,000.  If they make a million of these transactions every year, that is $36 billion dollars in profit So… Wells fargo refinances one million homes every year, and they make: $36,000,000,000 initial profit for selling the loan (with absolutely no risk!), plus $1,000,000,000 for doing the loan $660,000,000 annually to service the loan (Very little risk, since it is being paid by the owner of the loan as a service fee) If they can retain the loans for their entire life (keep us from refinancing with someone else…), they can make $19,800,000,000 (that is 19.8 billion dollars in servicing fees) The profit they make in a refinance is much greater than the money then can make by holding the loan for 30 years.",Direct,0.0,1.0,1.0,0.375,0.5159638524055481,0.11952191235059761,0.18363273453093812,9.369230270385742,False,,
vanilla,5569,What's the difference between “Index” and “Accumulation” tracker funds?,"The context provided does not directly discuss the difference between ""Index"" and ""Accumulation"" tracker funds. However, based on general financial knowledge, the key difference lies in how they handle capital gains and dividends:

- **Index Tracker Funds**: These funds aim to match the performance of a specific index, such as the S&P 500 or FTSE 100. They typically","Whenever a website mentions Hypothetical Growth of $100, $1,000, or $10,000, it assumes that that investor himself will reinvest the dividend. This is true whether you look at Morningstar or Financial Times.  Unless the website does not have dividend data, e.g. Google Finance.  If you want to compare the account value after withdrawing dividends:   Since the Income class pays dividends annually, there will be 1 jumps per year.  For example, the 2013 dividend payment:  and the 2014 dividend payment:",Direct,0.0,0.0,0.0,0.0,0.3449806869029999,0.1142857142857143,0.21276595744680848,9.869748592376709,False,,
vanilla,5588,Estimate probability distribution of profit on investment,"Estimating the probability distribution of profit on investment involves several steps and considerations:

1. **Historical Data Analysis**: Review past performance data of the investment. This includes analyzing the historical profits, revenue growth rates, and any other relevant financial metrics.

2. **Market Conditions**: Consider current and expected market conditions, including economic trends, industry-specific factors, and macroeconomic indicators.

3. **Company-S","""There is no simple answer to that, because no one knows exactly what the probability distribution of S&P 500 returns is. Here is a sketch of one possible way to proceed. Don't forget step 4!  The problem is that the stock market is full of surprises, so this kind of """"backtesting"""" can only reliably tell you about what already happened, not what will happen in the future.  People argue about how much you can learn from this kind of analysis.  However, it is at the least a clearly defined and objective process.  I wouldn't advise investing your whole nest egg in anything based just on this, but I do think that it is relevant information.""",Direct,0.0,0.0,0.0,0.0,0.5659756660461426,0.12359550561797754,0.14772727272727273,11.445610523223877,False,,
vanilla,5589,Why do moving average acts as support and resistance?,"Moving averages can act as support and resistance because they smooth out price data to form a trendline. When a stock is in an uptrend, the moving average tends to act as a support level, meaning the stock price tends to stop declining and start rising again when it reaches this level. Conversely, during a downtrend, the moving average acts as a resistance level, where the stock price tends to","A moving average will act as support or resistance to a stock only when the stock is trending. The way it acts as support for instance is similar to a trend-line. Take the daily chart of CBA over the last 6 months: The first chart shows CBA with an uptrend support line.  The second chart shows CBA during the same period with 50 day EMA as a support.  Both can be used as support for the uptrend. Generally you can used these types of support (or resistance in a downtrend) to determine when to buy a stock and when to sell a stock. If I was looking to buy CBA whilst it was uptrending, one strategy I could use was to wait until it hit or got very close to the support trend-line and then buy as it re-bounces back up. If I already held the stock I could use a break down below the uptrend support line as a stop to exit out of the stock.",Direct,0.0,1.0,1.0,1.0,0.8455845713615417,0.23333333333333336,0.34599156118143465,11.306528806686401,False,,
vanilla,5599,How to check stock prices online?,"To check stock prices online, you can visit financial management or information sites such as Google Finance or Yahoo Finance. These sites allow you to create portfolios listing your stocks and optionally the size of your holdings. You can then visit the site at any time to see the current valuations.","""Yes, there are a lot of places you can research stocks online, Google Finance, Yahoo Finance, Reuters etc. It's important to understand that the price of the stock doesn't actually mean anything.  Share price is just a function of the market capitalization divided by the number of shares outstanding.  As an example take two companies that are both worth $1 million, but Company A has issued 10,000 shares and Company B has issued 100,000 shares.  Company A has a share price of $100 while Company B has a share price of just $10.  Comparing share price does nothing to indicate the relative value or health of Company A versus Company B.   I know there are supposed to be no product recommendations but the dictionary area of investopedia.com is a good source of beginner investing information.  And as Joe points out below the questions here with the """"stock"""" tag would also be a good place to start.  And while I'm on a roll, the book """"A Random Walk Down Wall Street"""" is a good starting point in investing in the stock market.""",Direct,0.0,0.0,0.0,0.0,0.6337489485740662,0.11764705882352942,0.16806722689075632,7.4315185546875,False,,
vanilla,5619,"Is there such a thing as a non-FDIC savings account, which earns better interest?","No, there is no such thing as a non-FDIC savings account in the United States. All savings accounts must be insured by the Federal Deposit Insurance Corporation (FDIC) or another federal agency to protect deposits up to certain limits. This applies whether the account is offered by a traditional bank or an online institution. Therefore, even if an online savings account offers higher interest rates than a traditional bank's","Everyone would like a savings/checking account that has the same liquidity as others but pays multiple times as much, but such a thing would break the laws of finance.  The thing keeping savings and checking accounts cheap isn't particularly the FDIC insurance but the high liquidity and near certainty that you will not lose money.  In all of finance you are compensated for the risk (and perhaps illiquidity) you bear.  If you insist on a risk-free and highly liquid investment, you will get the risk-free and highly liquid rate, which is currently around 1%. Doesn't matter what type of investment it is (savings, money market, treasuries, etc.).  Money market funds, in particular, were designed to be a replacement for savings accounts.  They have decent liquidity and almost no risk (and no FDIC insurance).  But they earn about what good savings accounts do, because that's what risk-free investments earn. If you wish to earn more you must decide what you will give up: Decide on one (or both) of those to sacrifice and you will find yourself with options.",Direct,0.0,0.6131471927654584,1.0,0.5,0.5439431667327881,0.10937500000000001,0.23809523809523805,10.813309907913208,False,,
vanilla,5625,Calculate how much interest I will pay given a creditcard balance and a monthly payment?,"To calculate the interest paid given a credit card balance and a monthly payment, you would typically use an amortization schedule or a financial calculator. However, based on the information provided in the context, we can outline a simplified approach:

1. **Determine the Monthly Interest Rate**: If the APR (Annual Percentage Rate) is 19.9%, the monthly interest rate would be approximately 1","At the end of each period, add the interest, in this case an easy 1%, and then subtract the payment. With less than 4 months to payoff, the interest here is about $21.  Instead of trying to find credit card calculators, just use the more common mortgage calculator. The math is the same until the final month, when the credit card may handle accrued interest slightly differently.  Edit - A finance calculator indicates 3.407 payments, or total payment of $1022.12, $22.12 is interest.  (from my initial guess of $21 above)",Direct,0.0,1.0,1.0,1.0,0.7275471687316895,0.16774193548387095,0.28205128205128205,11.409836292266846,False,,
vanilla,5647,"Looking for an ROI formula, brain is broken today","For annual compounding, the ROI formula can be expressed as:

\[ \text{Final Value} = \text{Initial Investment} \times (1 + r)^t \]

Where:
- \( r \) is the annual rate of return.
- \( t \) is the time in years.
- The Final Value is the value after \( t \) years.

For continuous compounding","The monthly repayments of the initial $ 300,000 loan can be calculated using this formula:  source: Finance Formulas The monthly payment is It is not readily apparent how the formula works, but it is derived by induction from this summation, in which the sum of the discounted future payments are set equal to the present value of the loan:  For the second part of the question, reinvestments are stopped after 9 months, after four investments of $ 26,374.77 * 3 = $ 79,124.31.  And presumably each loan is repaid in 3 years, since 45 - 9 = 36 months. Calculating the repayments for these loans: The total returned for all four loans is:",Direct,0.0,0.0,0.0,0.0,0.4440346956253052,0.16560509554140126,0.2469135802469136,8.860488176345825,False,,
vanilla,5657,How can I determine how much my car insurance will cost me?,"To determine how much your car insurance will cost, you can:

1. Call insurance companies directly to get quotes for the vehicles you are considering purchasing.
2. Use online sites to get quotes, though speaking with a representative might provide more detailed information.
3. Consider if you can get a cheaper rate through your parents' insurance company, possibly qualifying for a multi-vehicle discount or combined property/vehicle","The best way to determine how much it will cost you is to call the insurance companies to get a quote from them for all the vehicles that you are planning on purchasing.  They will have a set amount depending on the year/make/model of the car combined with all your personal details like where you live, age, sex, occupation.  There are many online sites where you an get quotes as well, though talking with a rep may be the better option since you have a lot of questions.  If you are still living with your parents, you may be able to get a cheaper rate with that company as you might qualify for a multi-vehicle discount or combined property/vehicle insurance with them.  You might also be able to get a better rate since you were probably insured as a secondary driver with that company for several years. The cost of your auto insurance will depend also on what type of premium you choose.  For instance, it will be cheaper if you opt to only purchase 3rd party liability insurance (which only covers the cost of repairing the 3rd party's vehicle - ie the person you hit).  You may also get discounts for having certain (optional) safety equipment/options - like snow tires.   You will need to have your insurance purchased and sorted out before you are able to drive your car out of the dealership.   For a male with ~10 years driving experience and a clean record.  You could probably find something good for about $120 a month.  Of course, this depends on the many factors listed above.",Direct,0.0,1.0,1.0,0.6,0.7968779802322388,0.2536873156342183,0.2831858407079646,10.338239908218384,False,,
vanilla,5726,Figuring out an ideal balance to carry on credit cards [duplicate],"The ideal balance to carry month-to-month on a credit card is zero. Carrying a balance just to maintain a utilization rate is not recommended due to the associated interest charges. Instead, regularly using the cards to keep them active and maintaining a low utilization rate through timely payments is more beneficial for credit scores.","""The fact that you pay the bill reliably is going to count more for your credit rating than anything else, even if you are paying it off in full every month. Lenders seem to like to see at least one instance where you charged a large balance, held it a couple months, then paid it off in full... but I wouldn't go out of my way to do that. Remember that the credit card company is making money on transaction fees as well as interest. If you're pushing money through their system, they're happy. They'd be happier if you were paying them interest too -- reportedly, they actually refer to those of us who pay in full every month as """"deadbeats"""" -- but they aren't going to kick you out or ding your credit rating for it. The quote you give says that a small balance """"may be slightly better"""". I submit that """"may be slightly"""" is too small a difference to be worth worrying about, unless you have reason to believe that your credit rating actively needs to be repaired. (And as noted in the comments, it's actually stated even less strongly than that!) Personal recommendation: You can get a free credit report each year from each of the """"big three"""" credit rating agencies. Those reports usually include a brief explanation of what they think the most negative item on your record is. The phrasing of those explanations is often somewhat misleading, but I'd still suggest that you get these reports and see what they think would improve your rating. I'm willing to bet it won't be """"doesn't carry a high enough debt balance.""""""",Direct,0.0,0.5307212739772434,0.5,0.5,0.645382285118103,0.10619469026548672,0.15929203539823011,9.239465475082397,False,,
vanilla,5727,Is there a term for the risk of investing in an asset with a positive but inferior return?,"The term for the risk of investing in an asset with a positive but inferior return is often referred to as ""overpaying"" or ""overvalued investment risk."" This concept aligns with the second excerpt where it mentions that paying more for something close to a high-water mark can lead to lower returns.","""In my opinion the risk is about the lost opportunity cost. You can find a lot of articles about it on the net. In big shortcut opportunity cost takes place each time you have to choose between two or more options and the tradeoff effect have its price. It is defined as value of best alternative solution. Quite good definition from wikipedia is as follows: In microeconomic theory, the opportunity cost of a choice is the value of the best alternative forgone, in a situation in which a choice needs to be made between several mutually exclusive alternatives given limited resources. Assuming the best choice is made, it is the """"cost"""" incurred by not enjoying the benefit that would be had by taking the second best choice available Note that opportunity cost is not the sum of the available alternatives when those alternatives are, in turn, mutually exclusive to each other – it is the value of the next best use.  As you probalby think, this situation often happens in financial world, where investors always seek best from their point of view way to invest capital.""",Direct,0.0,0.0,0.0,0.0,0.5809904336929321,0.10126582278481013,0.18644067796610173,8.019237041473389,False,,
vanilla,5780,Does settlement of second mortgage count as short sale?,"No, the settlement of a second mortgage does not count as a short sale. A short sale involves selling a property for less than the outstanding mortgage balance, typically when the homeowner cannot pay the full amount. The settlement of a second mortgage is a financial transaction related to debt repayment and does not involve the sale of property for less than owed.",No that will not count as a short sale although it may still affect your chances of getting a loan because some lenders wont want to see it on your credit if you are pursuing a new FHA loan. In the best case scenario you will need an explanation letter of why you did this. In the worst case scenario the lender will want you to wait to get financing.  Try and find a lender with NO FHA overages which means they don't put additional restrictions on giving you an FHA insured loan. That type of lender will be your best choice because they just follow FHA rules and don't add any additional requirements.,Direct,0.0,1.0,1.0,1.0,0.5650238990783691,0.16759776536312848,0.20111731843575423,9.954162359237671,False,,
vanilla,5812,Can a US bank prevent you from making early payments to the principal on a home mortgage?,"A US bank can prevent you from making early payments to the principal on a home mortgage if such a provision is explicitly stated in the mortgage contract. According to the context provided, there is no law mandating that banks must allow early principal payments, and whether they do so depends on the terms of the specific mortgage contract. Therefore, if the mortgage contract does not allow for early principal payments or if it","Many mortgages penalize early payment, and I assume it's possible to disallow it altogether. It makes sense why they don't want early payment. If you pay off the loan early, it is usually because you re-financed it to a loan with a lower rate. You would do this when the interest rate is low (lower than when you got your original loan). If you pay it off early, that means they will have to re-invest the money again, or they will lose money if they just have it sitting around. However, recall above that people pay it off early when the interest rate is low; that is the worst time for them to re-invest this into another mortgage, because the rate will not be as good for them as the one you were originally going to keep paying.",Direct,0.0,1.0,1.0,0.75,0.6316413879394531,0.1566820276497696,0.2616822429906542,10.798469066619873,False,,
vanilla,5827,Investment strategy for retired couple,"For a retired couple, an appropriate investment strategy should focus on preserving capital while generating sufficient income to meet their needs. Given the context provided, here are some key points to consider:

1. **Consult a Financial Adviser**: Engage a financial adviser who specializes in senior issues. This adviser should charge a fee rather than taking a commission from product sales. The adviser will help review the couple's assets","The safest investment in the United States is Treasures. The Federal Reserve just increased the short term rate for the first time in about seven years. But the banks are under no obligation to increase the rate they pay. So you (or rather they) can loan money directly to the United States Government by buying Bills, Notes, or Bonds. To do this you set up an account with Treasury Direct. You print off a form (available at the website) and take the filled out form to the bank. At the bank their identity and citizenship will be verified and the bank will complete the form. The form is then mailed into Treasury Direct.  There are at least two investments you can make at Treasury Direct that guarantee a rate of return better than the inflation rate. They are I-series bonds and Treasury Inflation Protected Securities (TIPS). Personally, I prefer the I-series bonds to TIPS.  Here is a link to the Treasury Direct website for information on I-series bonds. this link takes you to information on TIPS.  Edit: To the best of my understanding, the Federal Reserve has no ability to set the rate for notes and bonds. It is my understanding that they can only directly control the overnight rate. Which is the rate the banks get for parking their money with the Fed overnight. I believe that the rates for longer term instruments are set by the market and are not mandated by the Fed (or anyone else in government). It is only by indirect influence that the Fed tries to change long term rates.",Direct,0.0,0.2960819109658652,0.5,0.3333333333333333,0.38918760418891907,0.07100591715976332,0.11940298507462686,10.355536460876465,False,,
vanilla,5831,Can someone recommend a book that discusses the differences between types of financial statements?,"Based on the context provided, there isn't a direct recommendation for a book that discusses the differences between types of financial statements. However, the book ""How to Read a Financial Report : For Managers, Entrepreneurs, Lenders, Lawyers, and Investors"" by John A. Tracy might cover this topic as it aims to provide a broad understanding of finance and technical know-how related to reading financial reports","""I would recommend """"How to Read a Financial Report : For Managers, Entrepreneurs, Lenders, Lawyers, and Investors"""" by John A. Tracy for the following reasons: I also think the book would bridge the gap nicely between a broad understanding of finance and a more serious technical know-how.""",Direct,0.0,0.6131471927654584,1.0,0.5,0.7478624582290649,0.47787610619469023,0.5765765765765766,9.45380163192749,False,,
vanilla,5836,Why have candlestick charts overlaps?,"Candlestick charts do not inherently overlap under normal circumstances. Each candlestick represents a specific time period (like one minute, five minutes, etc.) and does not overlap with other candles. Overlaps would only occur if two or more trades happened at exactly the same time, which is extremely rare in most markets. If you see overlapping candles, it could indicate an error in the data or charting","The market is simply gapping at these times, some news may have come out that makes the market gap on the open from its previous close. Being FX, the market in one country might be trading and then at the start of the hour trading in a different country may commence, causing a small gap in price. Generally many things could cause the price to gap up or down, and these gaps sometime can occur at the start of a new hour or other timeframe you are using. They do tend to happen more often at the start of a new day's trading on a daily chart, especially with stocks.",Direct,0.0,0.38685280723454163,0.5,0.5,0.32917410135269165,0.11299435028248588,0.20338983050847456,9.366482496261597,False,,
vanilla,5844,"If a put seller closes early, what happens to the buyer?","If a put seller closes early by buying back the put options, the original buyer of the put maintains his position. The clearing process ensures that the buyer is matched with another holder of a matching obligation if he decides to exercise his put option. If the buyer chooses not to exercise, his position remains open until expiration or until he finds another seller to close out the position.","An option is freely tradable, and all options (of the same kind) are equal. If your position is 0 and you sell 1 option, your new position in that option is -1. If the counterparty to your trade buys or sells more options to close, open, or even reopen their position afterwards, that doesn't matter to your position at all. Of course there's also the issue with American and European Options. European Options expire at their due date, but American Options expire at their due date or at any time before their due date if the holder decides they expire. With American Options, if a holder of an American Option decides to exercise the option, someone who is short the same option will be assigned as the counterparty (this is usually random). Expiry is after market close, so if one of your short American Options expires early, you will need to reopen the position the next day. Keep in mind dividends for slightly increased complexity. American and European Options do not in any way refer to the continents they are traded on, or to the location of the companies. These terms simply describe the expiry rules.",Direct,0.0,0.7653606369886217,1.0,0.6666666666666666,0.5283108949661255,0.15730337078651685,0.23970037453183524,9.447471380233765,False,,
vanilla,5871,What does APR mean I'm paying?,"APR stands for Annual Percentage Rate, which is the annual rate that is charged for borrowing (like on a credit card) expressed as a single percentage number. It represents the actual yearly cost of funds over the term of a loan or credit, including any fees or additional costs associated with the borrowing. In the context provided, it means you are paying 19.9% interest annually on any","Welcome to the world of personal finance.  IMO, you are heading for trouble. To answer your question, the APR is the annual percentage rate, or what you pay to borrow money from the CC issuer.  For example, if you charge $100, and the bill comes, and you pay $100 on or before the due date you pay nothing.  If you pay the minimum payment, which would be around $15, you would then borrow $85 (100-15) and pay interest on that amount.  The next month's balance would be 85 + any new charges + interest.  The interest in this case can be estimated as follows:  85*.199/12 = 1.41. For your information that is a very high interest rate especially given the current market for borrowed money.  Many people become saddled with debilitating debt starting off just like you are planning.  If we were friends, I would implore you not to get a CC, instead save up and pay for things with cash.",Direct,0.0,0.7653606369886217,1.0,0.6666666666666666,0.7166451215744019,0.13852813852813856,0.2672413793103448,10.436588287353516,False,,
vanilla,5909,Where to borrow money between college graduation and employment?,"Between college graduation and employment, the context suggests focusing on self-investment and minimizing debt. It recommends holding back enough money to complete education, move to a new city, and set up a household before making significant loan repayments. Alternative means of funding like part-time work are suggested, especially if it aligns with your studies and can provide valuable experience. Direct borrowing from traditional sources isn't mentioned;","""You have a few options, none of which are trade off free: Apply for a credit card, and live off of that.   Here, of course, you will go into debt, and there are minimums to pay.  But, it will tide you over.  In any case, you are getting unsecured credit, so your rates will probably be very, very high.  You don't want to build up a lot of 20% per annum debt. An alternative to this would be to go to any bank and ask for an unsecured loan.  Having no income, it will be difficult, though not necessarily impossible, to secure some funds.  When I was in between houses, once, for example, I was able to borrow $30,000 in unsecured debt (to help me construct my new house!), just based on my income.  Grant you, I paid it 2 months later, in order to avoid the 10% / year interest, but the point is that unsecured debt does exist.  Credit Cards are easier to get.  Arrange for personal financing through your parents or other relatives. If your parents can send you remittances, the terms will most likely be more generous.  They know your credit and your true ability to repay.  Just because they send you money doesn't mean you have to live with them.  As a parent, I have a stake in ensuring my children's success.  If I think that tiding them over briefly is in their best interest and mine, you better be sure I'll do it. A variation on this is Microfinance - something like Kiva.  Here, if you can write up a story compelling enough to get finance, there are people who might lend you money.  Kiva is normally directed towards poorer countries and entrepeneurs - but local variations exist. UPDATE: Google-backed 'LendingClub.com is far more appropriate to this situation than Kiva.  Same general idea, but that's the vendor. Find freelance, contract, or light employment. Your concern about employment is justified - you don't want to be in a position where you are unable to travel to an interview because Starbucks or McDonalds will fire you if you don't show up for a shift.  (Then again, do you really care if McDonald's lets you go?)  As such, you need to find income that is less bound by schedule.  Freelance work, in particular, will give you that freedom - assuming you have a skill you can trade.  Likewise, short term contract work is equally flexible - usually.  Finally, it may be easiest just to get temporary pickup work in a service capacity.  In any event, doing something will be better than doing nothing.  Who knows, you might want to be a manager / owner of a McDonalds some day.  Wouldn't hurt to say, """"I started at the bottom.""""""",Direct,0.0,0.0,0.0,0.0,0.6217510104179382,0.056074766355140186,0.11173184357541899,10.326122045516968,False,,
vanilla,5916,Non-owner car insurance and registration,"Non-owner car insurance is typically required if you do not own the vehicle but are driving it. This insurance covers any financial liability you might incur during an accident while driving the vehicle. The registration, however, is usually in the name of the vehicle's owner. If you are not the owner, you cannot register the vehicle in your name. You can drive the vehicle as long as you have permission from","""this is a bit unusual, but not unheard of. i have known more than one car whose owner was not its driver.  besides the obvious risk that the legal owner of the car will repossess it, this seems fairly safe.  your insurance should cover any financial liability that you incur during an accident.  even if the car is repossessed by the owner, you are only out the registration fees. i would suggest you avoid looking this gift horse in the grill.  her father on the other hand might be in for some drama and financial mess if he has a falling-out with his """"friend"""". this arrangement reminds me of divorces where one spouse owns the car, but the other drives it and pays the loan.  usually, when the relationship goes south, one spouse is forced to sell the car at a loss.""",Direct,0.0,0.6309297535714575,0.5,1.0,0.5670028924942017,0.25,0.37383177570093457,9.513392925262451,False,,
vanilla,5922,Is there such a thing as “stock insurance”?,"Yes, there is such a thing as ""stock insurance."" It can be achieved through the purchase of put options. When you buy a put option, you essentially buy the right, but not the obligation, to sell your stock at a predetermined price (the strike price) within a specified time period. If the price of the stock falls below this strike price, you can exercise the put option and sell","""First off, the jargon you are looking for is a hedge. A hedge is """"an investment position intended to offset potential losses/gains that may be incurred by a companion investment"""" (http://en.wikipedia.org/wiki/Hedge_(finance)) The other answers which point out that put options are frequently used as a hedge are correct. However there are other hedging instruments used by financial professionals to mitigate risk.  For example, suppose you would really prefer that Foo Corporation not go bankrupt -- perhaps because they own you money (because you're a bondholder) or perhaps because you own them (because you're a stockholder), or maybe you have some other reason for wanting Foo Corp to do well. To mitigate the risk of loss due to bankruptcy of Foo Corp you can buy a Credit Default Swap (http://en.wikipedia.org/wiki/Credit_default_swap). A CDS is essentially a bet that pays off if Foo Corp goes bankrupt, just as insurance on your house is a bet that pays off if your house burns down.   Finally, don't ever forget that all insurance is not just a bet that the bad thing you're insuring against is going to happen, it is also a bet that the insurer is going to pay you if that happens.  If the insurer goes bankrupt at the same time as the thing you are insuring goes bad, you're potentially in big trouble.""",Direct,0.0,0.7653606369886217,1.0,0.5,0.5132632851600647,0.12337662337662339,0.2214983713355049,8.970804452896118,False,,
vanilla,5964,Are there cons to paying monthly bills with a rewards card and then paying it off monthly?,"Yes, there are potential cons to paying monthly bills with a rewards card and then paying it off monthly. Specifically, some accounts like electric bills or payments to the tax collector may charge a significant fee if paid with a rewards card, making this approach counterproductive. Additionally, there is an increased risk involved in borrowing money, even if it is managed carefully, as people using credit tend to spend more.","Pitfalls of paying plastic That being said, you can also find cards that have better than the 1% it looks like you are getting. I have a card that gives 2% cash back on Gas Stations, Utilities (including stuff like AT&T) and Food Stores (Walmart included).  There are also limited time deals from cards - my fiance's discover has 5% cash back Oct/Nov/Dec on Online purchases. Make sure to remain diligent, keep your balances low and don't get hit with interest rates or fees (I had HORRIBLE credit and I refused to get a card with an annual fee). Why pay full price with cash, when you can get 2-5% cash back?",Direct,0.0,0.2960819109658652,0.5,0.25,0.6579402685165405,0.0962566844919786,0.2032085561497326,11.007975578308105,False,,
vanilla,5986,"Is forward P/E calculated using current price(if yes, how useful is it)?","Yes, forward P/E is calculated using the current price. Specifically, it is computed as the current price divided by the estimated future earnings. 

The usefulness of forward P/E can vary. It provides insight into how much investors are willing to pay for expected future earnings, which can be valuable for assessing growth potential. However, it is not always a reliable indicator, especially for companies that do not generate","generally Forward P/E is computed as current price / forward earnings.  The rationale behind this is that buying the stock costs you the current price, and it gives you a claim on the future earnings.",Direct,0.0,1.0,1.0,1.0,0.8723517656326294,0.24761904761904763,0.419047619047619,10.454693794250488,False,,
vanilla,5996,How do I choose between buying a car or buying a plot of land in Pakistan?,"When choosing between buying a car or a plot of land in Pakistan, you should consider several factors:

1. **Financial Goals**: Determine your long-term financial goals. Are you saving for retirement, planning to build equity, or looking for immediate utility?

2. **Investment Potential**: Evaluate the potential returns on both options. Land values can fluctuate, and while they may appreciate over time, they",“The plot of land definitely is going to give better results in long term.”  Will it? Land is not guaranteed to go up in value. And a car can provide more employment opportunities for you. You need to look at your specific situation—with specific numbers—rather than using rules of thumb as hard guidelines.,Direct,0.0,0.9197207891481876,1.0,1.0,0.5561691522598267,0.15254237288135591,0.2564102564102564,10.380074262619019,False,,
vanilla,6019,How to calculate Stamp duty of North Territory in Australia?,"To calculate Stamp Duty in the Northern Territory of Australia for a first home buyer, you need to check if the property value qualifies for the First Home Owner Discount (FHOD). According to the information provided:

- The FHOD applies to properties up to the value of $650,000.
- No stamp duty is due if you qualify for the discount and meet the criteria for being","""The formula is actually as follows: (0.06571441 * V^2) + 15 * V, where V is the value divided by 1,000 which gives us AU$ 23,929 You find the same value using the calculator you linked to if you select """"Investment"""" instead of """"Primary Residence"""" or uncheck """"I am a first home buyer""""  Edit: I don't know how they determine the $AU 821, it might be worth calling them. From looking up the First Home Owner Discount, it looks like no stamp duty may be due if you qualify for the discount: From 1 September 2016, the Northern Territory Government introduced increased stamp duty assistance for first home buyers who purchase an established home in the Northern Territory up to the value of $650 000. The First Home Owner Discount (FHOD) is a full stamp duty concession on the initial $500 000 value of the home, which equates to stamp duty savings of up to $23 928.60. For established homes valued at more than $650 000, a stamp duty saving of $10 000 is available until 31 December 2016. source: Department of Treasury and Finance""",Direct,0.0,1.0,1.0,1.0,0.8532476425170898,0.24505928853754944,0.37499999999999994,10.54013967514038,False,,
vanilla,6067,I need a car for 2 years. Buy or lease (or something else)?,"For a 2-year period, buying a gently used car with cash is likely the most cost-effective option. This approach provides flexibility and the best resale value. If you're concerned about reliability, consider a certified pre-owned model, which often comes with a warranty.

Leasing is generally not recommended due to the high costs associated with depreciation and additional fees. Additionally, leases can have hidden expenses such as","""Any one of your three options is viable and has its advantages and disadvantages. Personally, I would go for the used option, but I am can-do kind of person. If you don't like micro-managing a car, you may prefer leasing. A new car is sort of the middle of the road option. Leasing will be most expensive and most liability. If you have an accident, the leasing arrangements are designed to extract money from you... heavily. Even a minor accident can require you to pay for expensive repairs, usually much more expensive than if you had your own car fixed. So, not only will you pay more per month, but your accident liability will be a lot higher. With your own car, you will need to sell it (or bring it back to the UK) obviously. A used car will be the cheapest option. A non-descript used car from the local area can also make you """"blend in"""" and be less like to be targeted by a criminal as an outsider. As long as you stay away from dealers and buy the car from a private person of good reputation, you have an odds-on chance of getting a decent car. Make sure you check out the person and make sure they are """"real"""". Some dealers, called """"curbstoners"""", try to pretend to be original owners. You can always spot such frauds because the title will be new. Make sure the same owner has had the car for at least 3-4 years and that it says that on the title. Also, try to buy from somebody who is financially well off--they have less reason to try to screw you. Students, people under 30 and working class are bad people to buy from. Married professionals over age 35 are the right kind of person to buy from.""",Direct,0.0,0.46927872602275644,1.0,0.3333333333333333,0.7251025438308716,0.09973753280839895,0.13978494623655913,11.525386810302734,False,,
vanilla,6068,At what point is it most advantageous to cease depositing into a 401k?,"It is most advantageous to cease depositing into a 401(k) when one is no longer receiving payroll deductions into the account, such as after retiring or changing jobs. This prevents additional contributions from being made through payroll, which is the primary method for most people adding funds to their 401(k).","""The only time to stop saving money for retirement is when you have enough money to retire tomorrow. Not all of your """"retirement savings"""" need to be in a 401k, it is just better if you can. Be sure to get as much as you can from the employer matching program.  Unfortunately some employer matching programs discourage you from putting in too much.  I've been able to max out the 401k contribution a number of times, which helps. Remember:  you are likely to live to 100, so you better save enough to live that long.  I don't trust social security to be there.  I recommend saving so that you end up with """"enough to be comfortable"""" -- this is usually about 25x your current income - PLUS inflation between now and when you plan to retire (age 62 is a good target). It is worth knowing your """"retirement savings number"""".   If you are making $100K per year now, you need to target $2.5M - PLUS allowance for inflation between now and when you plan to retire. This usually means you need to also arrange to make more money as well as save as much as you can and to use passive investing.  Finance advisors are not worth it if you have less than $1M to invest.""",Direct,0.0,0.46927872602275644,1.0,0.25,0.6349771618843079,0.07462686567164178,0.11070110701107011,10.090046882629395,False,,
vanilla,6092,"If stock price drops by the amount of dividend paid, what is the use of a dividend","If the stock price drops by exactly the amount of the dividend paid, the use of a dividend is primarily to provide income to the shareholders rather than to increase the stock price. In this scenario, the dividend payment compensates the shareholders for the decrease in the stock price, maintaining their overall value in the company.","Best as i can tell, the simple answer is: the smartest approach to investing for dividends is to pick a company that is, has, and will continue to make a solid profits. there are lots of them out there. specifically, companies with no debt, a history of long-term and steady growth and a stable market share will, almost always recoup any drop in stock valuation due to a dividend payout...and usually in short order. this is why dividends were created...as a mechanism for distributing profits back to investor without diminishing thier stake in the company. the trick then, is to find such companies with the best ratio between stock price and dividend payout. and again, there are a lot of good options out there.  All the trepidation is justified however, as many unscrupulous companies will try to pull investors in with high dividends as a means to simply generate capital. these companies have few of the quality attributes mentioned above. instead, High debt, fluctuating or negative profits, minimal market share or diminishing growth present a very risky long term play and will be avoided by this conservative investor.",Direct,0.0,0.46927872602275644,1.0,0.1111111111111111,0.6356323957443237,0.13765182186234817,0.21138211382113825,8.497673273086548,False,,
vanilla,6136,What is the median retirement savings in the United States today?,"The context provided does not give a specific figure for the median retirement savings in the United States today. However, it mentions that nearly half of pre-retirees have no ""retirement"" savings, and that the bottom three-quarters of American households have no more than a tiny amount saved up. Additionally, it states that the bottom quarter of American households have negative net worth. Therefore, based on the","""Social security and pensions make up a big part of it.  You may want to look at the source of the data.  If a person, has 5K at Vanguard, 5K at Fidelity and 100K at the bank; Fidelity will report on that person as having only 5K.  Vanguard will do the same. The opening pitch of a life insurance salesman sometimes includes the """"100 man story"""".  Before retirement age:  26% of people will die, 54% will be broke, 5% will work, 4% will be secure, and 1% will be wealthy.  Then they sell you life insurance which is a horrible product for retirement savings. If you further dig into this subject you will find a great disparity between the mean and median retirement savings.  That is because many Americans have none, and those that do skew the average upward and have no where near mean or average. Its like this with other things in personal finance.  For example those with actual credit card debt have much higher than the average.  As those with none, or even no credit cards skew the average downward.  In my opinion it is like this because of behavior.  If one saved half of the average car payment over their working life in a growth stock mutual fund, they would make it to that 4% category.  If they also had a good salary, kept debt to a minimum, and saved a healthy amount they would make it to that 1% category.  It was a daily choice that was made many years prior to retirement.""",Direct,0.0,1.0,1.0,0.6,0.6500372886657715,0.1165644171779141,0.21604938271604934,11.430410623550415,False,,
vanilla,6163,Steps to buying a home,"Steps to buying a home include:

1. **Education**: Attend open houses, seminars, and watch educational shows on HGTV.
2. **Financial Preparation**: 
   - Create and stick to a budget.
   - Build a down payment and emergency fund.
   - Pay down consumer debt and student loans.
   - Consider picking up side work or overtime.
3. **Lender Readiness**:","""Pre-edit, Pete mentioned that he feels real estate agents would (a) like you to buy as much house as you afford, and (b) would love to show you three houses and have you choose one.  As a real estate agent myself, I believe his warnings were understated. As with any industry, there are good and bad people. Agents are paid to move houses. If the median US home is under $200K, and commissions average say 5%, the $10,000 to be gained is split between the buyer brokerage and selling agent. The $5000 to each is then shared with 'the house.' So, this sale would net me $2500, gross. Move one a week, and the income is great, one per month, not so much. Tire kickers will waste an agent's time for a potential decision to wait another year and continue renting. Their obligation is to tell you the truth, but not to offer financial advice.  Remember the mortgage crisis? It seems the banks and brokers aren't watching out for you either. They will tell you what they'll lend you, but not what you can afford. These numbers are worlds apart.  I strongly recommend a 20% downpayment. The FHA PMI calculator shows that a 90% LTV (i.e. a 10% downpayment) for a $100K house will cost you $1200/yr in PMI. Think about this. For the $10,000 that you didn't put down, you are paying an extra $1200 each year. This is on top of the interest, so even at 5%, that last $10,000 is costing nearly 17%. If you can't raise that $10K (or whatever 10% is on that house) in cheaper funds, you should hold off. Using the 401(k) loan for this purpose is appropriate, yet emotionally charged. As if suck loans are written by the devil himself.  """"Buy the biggest house you can""""? No. I have a better idea. Buy the smallest place you can tolerate. I have a living room (in addition to family room) that has been used 3 times in 20 years. A dining room we actually use. Twice per year. When your house is 50% too big, you pay 50% more property tax, more utility bills, and more maintenance. Closing costs, commission, etc, isn't cheap, but the lifetime cost of living in a too-big house is a money pit.""",Direct,0.0,0.6131471927654584,1.0,0.5,0.5209625363349915,0.06236080178173719,0.08425720620842571,10.907041788101196,False,,
vanilla,6164,When to trade in a relatively new car for maximum value,"When deciding whether to trade in a relatively new car for maximum value, several factors come into play:

1. **Condition and Maintenance**: If the car is well-maintained and in good cosmetic condition, it may hold its value better. Poor maintenance or cosmetic issues can lead to a quicker depreciation.

2. **Personal Preferences**: If you are comfortable with the age and appearance of the car, and","I love giving non-answer answers.  It will depend on you.  Suppose you are embarrassed by driving older cars, your significant other doesn't like having you drive an older car, you don't really maintain the car well, it develops a variety of problems, acquires a few dents and you really worry about reliability.  Then the value of the car will probably drop rather quickly below the blue book value and you should sell it. On the other hand, if you don't care how the car looks, it runs pretty well (fewer repairs than you would expect), you maintain it yourself (aka cheaply) and do a good job at that, and have plenty of friends who owe you a favor and will give you a ride if your car won't start, there will probably never be a time that the value to you drops below the 'official' blue book value (what others will pay), so you would drive it until the engine drops out of the chassis.  The blue book value represents some kind of rough consensus about what a car of that age and exterior condition is worth to the typical person; it will be the discrepancy between the 'typical' person and you that determines whether you'll sell. An illustration of this:  I know a few people who (1) don't care what their car looks like and (2) are very handy at repairs.  These people started out by buying cheap used cars and ran them until they basically fell to pieces.  However, even though their 'taste' in cars didn't changes, as their incomes increased, it finally reached the point where doing their own repairs was too much of a time sink, so the value of really old cars dropped in their minds and they shifted to buying newer cars and selling them before they completely fell apart.  That's why this is a hard question to answer.",Direct,0.0,1.0,1.0,0.5,0.620334804058075,0.11282051282051281,0.15979381443298965,11.483528137207031,False,,
vanilla,6175,"What is a “retail revolving account,” and does it improve my credit score?","A ""retail revolving account"" is essentially a credit card offered by a store (or chain of stores) and usable only at that store. It functions like any other revolving-credit card, allowing you to make new charges and pay them off over time. Stores often offer these to capture additional profit since they don't have to pay processing fees to external credit card networks and can earn interest on the","To add to what others have said, INSTALLMENT CREDIT is a stronger factor when building credit. An installment credit is essentially a loan with a fixed repay amount such as a student loan and a car loan. Banks (when it comes to buying your first home) want to see that you are financially able to repay a big debt (car loan). But be careful, if you cannot pay cash, you cannot afford it. My rule of thumb is that when I'm charging something to my CC, I MUST pay it off when it posts to my account. I just became debt free (paid off about 15k in CC and student loan debt in 18 months) and I love it.",Direct,0.0,1.0,1.0,0.75,0.35621869564056396,0.14659685863874344,0.2421052631578947,11.015405416488647,False,,
vanilla,6185,I've got $100K to invest over the next 2 to 7 years. What are some good options?,"For investing $100K over the next 2 to 7 years, here are some options based on the context provided:

1. **Peer-to-Peer Lending**: Consider platforms like LendingClub. You could potentially earn around 13% annually by committing to a 3.5-year investment. However, ensure you understand the risks and consider the volatility. As the loans","Well, a proper answer needs a few more details: 1) What's your marginal tax bracket? (A CD is just plain silly for someone in a high tax bracket and in a high tax state) 2) What's your state of residence? 3) Do you have a 401k to draw on for a house loan in case of badly timed volatility? 4) What does will the rest of our investment portfolio look like in case of a sudden rise in interest rates? Depending on the answers to those questions, the mix of investments could be anywhere from: Tell me more about bracket/state/other investment mix and I can suggest something.",Direct,0.0,0.46927872602275644,1.0,0.25,0.3704961836338043,0.10778443113772455,0.2073170731707317,9.550841331481934,False,,
