rag_variant,qid,question,prediction,gold_answer,pathway,reliability_score,ndcg_at_3,mrr_at_3,recall_at_3,semantic_similarity,rouge_l,f1_score,latency_seconds,abstained
crag,551,UK companies house - what can I glean from an abbreviated balance sheet?,"From an abbreviated balance sheet, you can glean several key pieces of information about a UK company:

1. **Equity Position**: Whether the company has positive or negative equity, indicating if its assets exceed its liabilities or vice versa.
2. **Debt Level**: The extent of the company’s debt compared to its assets, highlighting potential financial strain.
3. **Current Financial Health**: Indications","What this abbreviated balance sheet tells you is that this company has negative equity.  The liabilities are greater than the value of the assets.  The obvious problem for the company who wants to do business with you is that they are going to have a real hard time accessing credit to pay off any debts that they incur with doing business with you.  In this case, the recommended course would be to ask them put cash up front instead of putting them on account. You don't really need to look at the income statement to see that they are currently underwater.  If their income statement turns out to be splendid, then you can wait for them to get their liabilities under control before you set up an account for them.",Fast,0.5810065805912018,1.0,1.0,1.0,0.5715439319610596,0.16666666666666666,0.21874999999999997,10.39564299583435,False
crag,566,Condo Purchase - Tax Strategies [US],"When considering the tax strategies for purchasing a condo, especially when involving family members, several key factors and considerations come into play:

1. **Documentation and Agreements**: Ensure that all financial arrangements and agreements are properly documented. This includes setting clear terms for the rental arrangement, including the rental rate, duration, and any other financial obligations. This documentation can help prevent future disputes and ensure compliance with tax laws","""You will need to see a tax expert. Your edited question includes the line For the short term, we will be """"renting"""" it to my wife's grandmother at a deep discount. According to the instructions for schedule E If you rented out a dwelling unit that you also used for personal   purposes during the year, you may not be able to deduct all the   expenses for the rental part. “Dwelling unit” (unit) means a house,   apartment, condominium, or similar property. For each property listed on line 1a, report the number of days in the   year each property was rented at fair rental value and the number of   days of personal use. A day of personal use is any day, or part of a day, that the unit was   used by: I have no idea how this will work for Schedule C.""",Corrective,0.46731368501981096,0.38685280723454163,0.5,0.5,0.46499231457710266,0.12380952380952381,0.14285714285714288,9.93037748336792,False
crag,586,"If a stock is selling for less than book value, is the company headed for bankruptcy?","Not necessarily. According to the context provided, a company with a stock trading below book value could be considered ""impaired,"" possibly due to overstated assets. However, this does not automatically mean the company is headed for bankruptcy. The context suggests that depending on the situation, it may or may not be a bankruptcy candidate.","""An answer can be found in my book, """"A Modern Approach to Graham and Dodd Investing,"""" p. 89 http://www.amazon.com/Modern-Approach-Graham-Investing-Finance/dp/0471584150/ref=sr_1_1?s=books&ie=UTF8&qid=1321628992&sr=1-1 """"If a company has no sustained cash flow over time, it has no value...If a company has positive cash flow but economic earnings are zero or less, it has a value less than book value and is a wasting asset. There is enough cash to pay interim dividends, bu the net present value of the dividend stream is less than book value."""" A company with a stock trading below book value is believed to be """"impaired,"""" perhaps because assets are overstated. Depending on the situation, it may or may not be a bankruptcy candidate.""",Fast,0.6228840053081512,1.0,1.0,1.0,0.6718776226043701,0.28272251308900526,0.34782608695652173,9.145668029785156,False
crag,600,"After a stock dividend, how do you calculate holding periods for capital gains taxes?","After receiving a stock dividend, the holding period for the newly acquired shares is the same as the holding period of the original shares from which the dividend was distributed. This means if you owned the original shares for more than one year before receiving the dividend, both the original shares and the newly received shares would be considered held for a long term, and thus any subsequent sale would be subject to long-term capital",Stock acquired through a (non-taxable) stock dividend has the same holding period as the stock on which the dividend was paid.,Fast,0.6005246341228485,1.0,1.0,1.0,0.7659294009208679,0.24489795918367344,0.2916666666666667,9.469033241271973,False
crag,612,Can we amend last year's Schedule C to indicate reduced income due to a customer refund this year for a product we sold last year?,"No, you cannot amend last year's Schedule C to indicate reduced income due to a customer refund this year for a product sold last year. The transactions for each tax year should be based on the cash paid and received in that year. Since the refund occurred this year, it should be accounted for on this year’s tax return, not last year’s. You should report the refund as a reduction in","I am not an accountant, but I have a light accounting background, despite being primarily an engineer.  I also have a tiny schedule C business which has both better and worse years.  I am also in the United States and pay US taxes.  I assume you are referring to the US Form 1040 tax return, with the attached Schedule C.  However little I know about US taxes, I know nothing about foreign taxes. You are a cash-basis taxpayer, so the transactions that happen in each tax year are based on the cash paid and cash received in that year.  You were paid last year, you computed your schedule C based on last year's actual transactions, and you paid taxes on that income. You can not recompute last years schedule C based on the warranty claim. You might want to switch to an accrual accounting method, where you can book allowances for warranty claims.  It is more complex, and if your business is spotty and low volume, it may be more trouble than it is worth. At this point, you have two months to look for ways to shift expenses into next year or being income into this year, both of which help offset this loss. Perhaps a really aggressive accountant would advise otherwise (and remember, I am not an accountant), but I would take the lumps and move on. This article on LegalZoom (link here) discusses how to apply a significant net operating loss (NOL) in this year to the previous two years, and potentially carry it forward to the next two years.  This does involve filing amended returns for the prior two years, showing this year's NOL.  For this to be relevant, your schedule C loss this year must exceed your other W2 and self-employment income this year, with other tests also applied. Perhaps a really aggressive accountant would advise otherwise (and remember, I am not an accountant), but I would take the lumps and move on.",Fast,0.5761316001415253,0.6309297535714575,0.5,1.0,0.5391499400138855,0.15270935960591134,0.2574257425742574,11.353787899017334,False
crag,616,How does a Value Added Tax (VAT) differ from a Sales Tax?,"A Value Added Tax (VAT) differs from a Sales Tax in that VAT is assessed during the production process of the item, whereas Sales Tax is charged at the point of purchase. With VAT, tax is collected from the manufacturer or supplier at each stage of production and distribution, rather than directly from the consumer at the final sale. This means that the tax burden is distributed across the supply chain.","Sales taxes are charged at the point of purchase, while a VAT is assessed during the production process of the item. In the end, the amount paid by the consumer is the same, but with the VAT, the tax was collected from the manufacturer, instead of the consumer. One of the big arguments for VAT is that it prevents lost revenue due to things like smuggling (if sales tax increases past 10% smuggling spikes, so the VAT is a good mechanism if you're looking to implement large taxes on goods). It also keeps the tax burden away from shippers and other tiers of the production process that don't change the intrinsic value of the item.",Fast,0.5778775930404663,1.0,1.0,1.0,0.8810915946960449,0.3191489361702127,0.5000000000000001,10.94516897201538,False
crag,618,Self-directed RRSP into mortgage investment,"Self-directed RRSP into mortgage investment involves using funds from your Registered Retirement Savings Plan (RRSP) to pay off your mortgage and then borrowing back against the paid-off portion of the mortgage at a lower interest rate than you would pay on a regular mortgage. This can generate a tax-deferred profit within your RRSP. However, this strategy is complex and carries risks:

1. **Consultation","The Globe and Mail has an interesting article on what you can do with your RRSPs. Be aware that the article is from early 2011 and rules change. They describe holding your own mortgage inside your RRSP. That is, if you have $100,000 inside your RRSP already and your remaining mortgage is $100,000, you can use that money to pay off your mortgage, then pay back the money at interest, generating a tax-deferred profit inside your RRSP. That approach may be viable, though you'd want to talk to your accountant first. I'd be very cautious about loaning money to someone else for a second mortgage using my RRSP, though. Second mortgages are inherently risky, so this is a very speculative investment. Once you make an RRSP contribution, that space is used up (barring a couple of exceptions such as the life-long learning plan). So, let's say you used $100,000 of your RRSP to loan to someone for a second mortgage. Any interest payments should be sheltered inside the RRSP (substantial benefit), but if the person defaults on the second mortgage (which you should expect to be a significant possibility), you've lost your entire $100,000 contribution room (as well as, obviously, the $100,000 that you loaned out). I can't tell you whether or not it makes sense to invest in risky second-mortgage loans and I can't tell you whether, if you choose to do so, it definitely should be done inside an RRSP. There are substantial risks in the loan and there are both costs and benefits to doing so inside an RRSP. Hopefully, though, I've helped you understand the questions you should be asking yourself.",Fast,0.6109151303768159,1.0,1.0,1.0,0.6773973703384399,0.14044943820224717,0.21714285714285714,11.381658792495728,False
crag,662,Landlord Tax Relief Changes UK,"The context provided does not specifically address landlord tax relief changes in the UK. Instead, it discusses changes affecting private landlords in the UK and refers to ""section 24"" of the Finance (No. 2) Act 2015. For UK-specific landlord tax relief changes, one would need to refer to relevant UK tax legislation and guidance, such as HM Revenue & Customs (HM","""This article on the landlord website Property118.com shows a simple example, demonstrating that a private landlord with a mortgage could see a huge jump in their effective tax rate (in this case, from 18% to 67% by 2020), while a corporate landlord will see no change at all. There's also a link in that article to a detailed report which is highly critical of the tax changes. The government obviously take a different view! (See here for more worked examples of how the tax changes will be applied). More information can be found on this on various landlord sites. A key phrase to look for is """"section 24"""", referring to the section of the Finance (No. 2) Act 2015 which implements the change. Note that this change only applies to private landlords (i.e. those who own a property personally, rather than through a company), and who have a mortgage on the property, and who (after the new calculations) are higher or additional rate taxpayers.""",Fast,0.5927791953086854,1.0,1.0,1.0,0.7448868751525879,0.18421052631578946,0.25550660792951546,9.587950706481934,False
crag,665,Do I live in a state for tax purposes if my permanent home is in another state?,"Whether you live in a state for tax purposes depends on your state residency status, which is determined by where you maintain your primary residence and your place of domicile. In the given context, it seems you have lived in both New York and New Jersey, and currently reside in New York while maintaining a domicile in New Jersey. For tax years 2013 and possibly 2014,","You're most likely required to file in both for 2013 - since you've lived in both. From 2014 and on you're definitely a NY resident (since you're renting a place there and live there), and you may very well continue being NJ resident (since you're essentially continue being domiciled there). I suggest talking to a EA/CPA licensed in NY and NJ to try and see what you can do to avoid being resident in both the states, or see if it is at all an issue other than filing everything double.",Corrective,0.4952600687742233,1.0,1.0,1.0,0.689867377281189,0.16049382716049382,0.294478527607362,9.941518068313599,False
crag,667,Would I need to keep track of 1099s?,"No, you would not need to keep track of 1099s themselves, but you should issue them to the individuals you pay $600 or more during the year. You would need to keep the 1099 forms you issue for record-keeping purposes and in case of audits. However, tracking the details of the payments reported on the 1099s","You have to file and issue each one of them a 1099 if you are paying them $600 or more for the year. Because you need to issue a 1099 to them (so they can file their own taxes), I don't think there's a way that you could just combine all of them. Additionally, you may want to make sure that you are properly classifying these people as contractors in case they should be employees.",Fast,0.5433400422334671,1.0,1.0,1.0,0.5096523761749268,0.26865671641791045,0.3759398496240602,9.54090690612793,False
crag,668,Receiving important daily wires from abroad?,"Receiving important daily wires from abroad would typically involve a reliable and secure banking system. Given the context provided, the Clearing House Interbank Payments System (CHIPS) or the Fedwire system would be appropriate for handling such transactions in the United States. These systems are designed to handle large-value and time-critical transfers securely.","You can receive all the Money in your Bank. By Problem if you mean whether it will raise any alarms at the Bank. Most likely yes, such kind of activity would trigger AML. Bank would flag this off to regulators and questions would be asked. If you are doing a Legitimate business, its not an issue. Maintain a proper record of the transaction and pay your taxes. As funds are large 80 K a month, it makes sense to seek to advice of a Laywer and CA to help you keep thing in order.",Corrective,0.3477623422940572,0.0,0.0,0.0,0.4102409780025482,0.12162162162162161,0.1780821917808219,8.809441089630127,False
crag,678,"Loan to S-Corp cannot be paid back, how to deduct from personal taxes?","If a loan to an S-Corp cannot be paid back, it generally cannot be deducted from personal taxes. The loan must be properly documented and the terms agreed upon by both parties. If the loan is not repaid, it may be considered a gift or a capital contribution, which is not deductible as a business expense. In such cases, the loan balance could potentially be treated as a capital contribution","Once the business is shut down, you'll need to show that the corporation is in bankruptcy and the amounts are unrecoverable. You can then report it as investment loss. I suggest talking to a tax adviser (EA/CPA licensed in your State), and maybe an attorney, on what the specific technical details are.",Fast,0.570472639799118,0.0,0.0,0.0,0.43641817569732666,0.144,0.22580645161290322,10.602633237838745,False
crag,711,Loan to son - how to get it back,"To get the loan back from the son while ensuring it supports his long-term financial health, the father could encourage the son to continue making the current payment amount ($200/month) but redirect those payments into a savings plan rather than directly to the father. This approach maintains the financial discipline the son has already established without significantly impacting his current lifestyle. By saving the $200 monthly, the",Seems fair.  I think this is a real subjective thing.  Financially lets get rid of that line before interest rates get too high.  Maybe have him pay you the $200 he is paying towards the interest each month.,Fast,0.6462249279022216,1.0,1.0,0.5,0.6235873699188232,0.09345794392523364,0.1320754716981132,11.417853832244873,False
crag,727,us citizen receiving bank transfer from foreign boyfriend,"If an American citizen is receiving a bank transfer from a foreign boyfriend, there are several key points to consider:

1. **Nature of the Transfer**: Ensure the transfer is legitimate and not related to illegal activities. Verify the source of funds and the relationship between the parties involved.

2. **Bank Requirements**: The receiving bank may require identification and proof of the relationship between the sender and receiver. This helps","No, any gifts you receive are not taxable to you. In fact, losing money in a scam (as this sure sounds like to me) can even be tax-deductible if you lose enough! I wouldn't recommend accepting anything. Usually people with millions are dollars are capable of setting up their own bank accounts.",Fast,0.5624084293842315,0.0,0.0,0.0,0.2183419018983841,0.0975609756097561,0.14754098360655735,10.387389659881592,False
crag,745,Can I pay estimated taxes based on last year's taxes if I anticipate more income this year?,"No, you cannot pay estimated taxes based on last year's taxes if you anticipate more income this year. According to the IRS guidelines provided, you must pay estimated taxes if you expect to owe at least $1,000 in tax for the current year (2016 in the context given), after subtracting your withholding and refundable credits. Additionally, your withholding plus refundable credits","You're interpreting this correctly. Furthermore, if your total tax liability is less than $1000, you can not pay estimates at all, just pay at the tax day. See this safe harbor rule in the IRS publication 17: General rule.    In most cases, you must pay estimated tax for 2016 if   both of the following apply. You expect to owe at least $1,000 in tax for 2016, after subtracting your withholding and refundable credits. You expect your withholding plus your refundable credits to be less than the smaller of: 90% of the tax to be shown on your 2016 tax return, or 100% of the tax shown on your 2015 tax return (but see Special rules for farmers, fishermen, and higher income taxpayers , later).   Your 2015 tax return must cover all 12 months.",Fast,0.5800167918205261,1.0,1.0,1.0,0.7299413681030273,0.3756345177664975,0.4263959390862944,10.881043195724487,False
crag,752,Are services provided to Google employees taxed as income or in any way?,"Services provided to Google employees through facilities like on-premises daycare or cafeterias are generally considered business expenses for Google. These expenses are not directly taxed as income for the employees receiving the services. Instead, they are deductible from Google’s taxable income as legitimate business expenses. The value of these services to employees is typically included in their total compensation and taxed as part of their income, subject to applicable","""These services and other employee perks are referred to as fringe benefits. An employee """"fringe benefit"""" is a form of pay other than money for the   performance of services by employees. Any fringe benefit provided to   an employee is taxable income for that person unless the tax law   specifically excludes it from taxation. One example of taxable fringe benefit is award/prize money (to prevent someone from """"winning"""" most of their salary tax-free.) Cash awards are taxable unless given to charity.   Non-cash awards are taxable unless nominal in value or given to   charity. A less intuitive example is clothing. Clothing given to employees that is suitable for street wear   is a taxable fringe benefit. Your example possibly fits under de minims (low-cost) fringe benefits such as low-value birthday or holiday    gifts, event tickets, traditional awards (such as a retirement gift),   other special occasion gifts, and coffee and soft drinks working condition fringe benefits--that is, property and services   provided to an employee so that the employee can perform his or her   job. Note that """"cafeteria plans"""" in the source don't refer to cafeteria but allow employee choice between benefit options available.""",Fast,0.6181884109973907,0.7039180890341347,1.0,0.25,0.4791692793369293,0.12734082397003743,0.24521072796934867,11.006309509277344,False
crag,786,Why don't banks print their own paper money / bank notes?,"Banks don't print their own paper money/bank notes because of control issues. If banks were allowed to print money, it would be difficult to control the amount of currency in circulation, which could lead to inflation or economic instability. Additionally, if banks were just seen as printing presses for the government, they would lose their independence and the government would have more direct control over the banking system, reducing","There is absolutely no logical reason why each nation does not own and control banking and thus the supply of money.  Any system including the financial system works exactly the same way, regardless of ownership.  Banking depends solely on the confidence of the customers/investors. Therefore when a sovereign nation/state has ownership of the banks, the profits are kept in-house, within the nation, which is actually a bonus, and taxes can be off-set by profits, which is another benefit.  Any improvement or benefit by the private ownership of banking is a total myth.",Fast,0.7035656332969664,1.0,1.0,0.42857142857142855,0.5294816493988037,0.13173652694610777,0.19393939393939394,10.413910865783691,False
crag,796,US tax - effectively connected income,"US tax - effectively connected income (ECI) applies to non-resident aliens who are engaged in trade or business in the United States. To be considered engaged in a trade or business in the US, one must either be present in the US or own a business or property there. Non-immigrants on F, J, M, or Q visas while temporarily present in the US are considered engaged in","""ECI is relevant to non-resident aliens who are engaged in trade or business in the US. For that, you have to be present in the US, to begin with, or to own a business or property in the US. So the people to whom it is relevant are non-resident aliens in the US or business/property owners, not foreign contractors.  From the IRS: The following categories of income are usually considered to be   connected with a trade or business in the United States. You are considered to be engaged in a trade or business in the United States if you are temporarily present in the United States as a   nonimmigrant on an """"F,"""" """"J,"""" """"M,"""" or """"Q"""" visa. The taxable part of any   U.S. source scholarship or fellowship grant received by a nonimmigrant   in """"F,"""" """"J,"""" """"M,"""" or """"Q"""" status is treated as effectively connected   with a trade or business in the United States. If you are a member of a partnership that at any time during the tax year is engaged in a trade or business in the United States, you   are considered to be engaged in a trade or business in the United   States. You usually are engaged in a U.S. trade or business when you perform personal services in the United States. If you own and operate a business in the United States selling services, products, or merchandise, you are, with certain exceptions,   engaged in a trade or business in the United States. For example,   profit from the sale in the United States of inventory property   purchased either in this country or in a foreign country is   effectively connected trade or business income. Gains and losses from the sale or exchange of U.S. real property interests (whether or not they are capital assets) are taxed as if you   are engaged in a trade or business in the United States. You must   treat the gain or loss as effectively connected with that trade or   business. Income from the rental of real property may be treated as ECI if the taxpayer elects to do so.""",Corrective,0.45942598779996235,1.0,1.0,1.0,0.8452600836753845,0.20525059665871123,0.28846153846153844,11.413508653640747,False
crag,800,How does a “minimum number of items to be bought” factor into break even analysis?,"A ""minimum number of items to be bought"" factors into break-even analysis by requiring the buyer to round up their purchase to the nearest multiple of that minimum quantity. This means if the initial calculation suggests buying fewer than the minimum number, the buyer must instead buy the minimum number to meet the requirement. For instance, if the break-even point calculates to 530 items but the minimum purchase is","A minimum purchase quantity just means that you need to round your result up to the nearest 100. In your example it comes out evenly. If we look at an example where it doesn't come out even, you'd round up: And round that up to 700 due to purchase quantities. For a slightly more complex and accurate approach, you'd then evaluate how many of the extras you had to buy due to the minimum purchase quantity would need to be sold: So you'd have to sell 694 of the 700 purchased to break even.",Fast,0.5256545662879943,1.0,1.0,1.0,0.677411675453186,0.21301775147928995,0.31137724550898205,10.93264102935791,False
crag,806,Trying to understand Return on Capital (Joel Greenblatt's Magic Formula version),"In Joel Greenblatt's Magic Formula, the key metric is Return on Capital (ROC), which measures how effectively a company uses its capital to generate earnings. The context provided discusses how excess working capital can negatively impact ROC, while current liabilities in excess of current assets can positively affect it, though the latter is noted as problematic.

The core issue here is understanding how to correctly calculate the components of ROC","I've spent enough time researching this question where I feel  comfortable enough providing an answer.  I'll start with the high level fundamentals and work my way down to the specific question that I had. So point #5 is really the starting point for my answer. We want to find companies that are investing their money.  A good company should be reinvesting most of its excess assets so that it can make more money off of them. If a company has too much working capital, then it is not being efficiently reinvested.  That explains why excess working capital can have a negative impact on Return on Capital. But what about the fact that current liabilities in excess of current assets has a positive impact on the Return on Capital calculation?  That is a problem, period.  If current liabilities exceed current assets then the company may have a hard time meeting their short term financial obligations. This could mean borrowing more money, or it could mean something worse - like bankruptcy.  If the company borrows money, then it will have to repay it in the future at higher costs.  This approach could be fine if the company can invest money at a rate of return exceeding the cost of their debt, but to favor debt in the Return on Capital calculation is wrong. That scenario would skew the metric. The company has to overcome this debt. Anyways, this is my understanding, as the amateur investor. My credibility is not even comparable to Greenblatt's credibility, so I have no business calling any part of his calculation wrong. But, in defense of my explanation, Greenblatt doesn't get into these gritty details so I don't know that he allowed current liabilities in excess of current assets to have a positive impact on his Return on Capital calculation.",Corrective,0.4790185689926148,0.6131471927654584,1.0,0.5,0.551843523979187,0.15384615384615385,0.20105820105820105,11.511520862579346,False
crag,814,Record retention requirements for individuals in the U.S.?,"For individuals in the U.S., the record retention requirements generally are 3 to 6 years, according to IRS Publication 552. This applies to proof of income, bank statements, and old tax returns. For property-related records, they should be kept for 3 to 6 years after disposing of the property.","Here is an IRS Publication 552 covering records retention The publication covers many areas, including proof of income, bank statements, old tax returns. There is a table that talks about how long to keep the records. In general it is 3 to 6 years. But for property it is 3 to 6 years after you dispose of the property.",Corrective,0.3811583439509074,0.6131471927654584,1.0,0.5,0.9220904111862183,0.4,0.5504587155963302,9.332782983779907,False
crag,837,Pay Yourself With Credit Card Make Money With Cash Back [duplicate],"The context provided does not directly address ""paying yourself with a credit card"" or ""making money with cash back."" However, based on the information given, we can infer some related concepts:

1. **Authorized but Not Settled**: When you use a credit card to make a purchase, the transaction is initially authorized but not settled immediately. This means the issuing bank sets aside the funds for","This is basically a form of credit card kiting, it's not necessarily illegal but it can be. It is, however, against the TOS in pretty much every merchant agreement (including Paypal and Square), so you'd most likely have your account suspended, and the merchant could pursue legal action if they felt they could prove intent to deceive. It's not practical given actual fee structures, but even if it were, most merchants are quite good at detecting this sort of thing and quick to shut down accounts.",Fast,0.5238312423229218,0.0,0.0,0.0,0.3994070589542389,0.11688311688311688,0.20779220779220778,9.516992092132568,False
crag,838,Need your help and suggestion,"Based on the context provided, here are some suggestions:

1. **Budgeting**: Start by creating a detailed monthly budget that covers all your expenses and income. Ensure your income equals your expenses, and include discretionary spending like a $1200 trip to the city.

2. **Debt Management**: Be proactive about managing debts. Consider discussing with your son about forgiving certain debts in exchange for","How much amount can we transfer from India to the USA? Is the limit per year? As I understand your father in law is Indian Citizen and his tax paid earnings need to be transferred outside of India. Under the Liberalized Remittance Scheme by RBI, one can transfer upto 2,50,000 USD. Please check with your Bank for the exact paperwork. A form 15CA and 15CB [by CA] are required to establish taxes have been paid. What documents we have to present to the bank? See above. Should money be transferred to company's account(Indian Company) to USA company? or can be transferred to my husband's account. Transfer of funds by a Indian Company to US Company has some restrictions. Please check with CA for details. If you father in law has sold the Indian Company and paid the taxes in India; he can transfer the proceeds to his son in US as per the Liberalized Remittance Scheme. Can they just gift the whole amount to my husband? What will be the tax implication on my husband's part in USA and on my father in law in India. The whole amount can be gifted by your father in law to your husband [his son]. There is no tax implication in India as being an Indian resident, gift between close relatives is tax free. There is no tax implication to your husband as he is a US Citizen and as per gift tax the person giving the gift should be paying the applicable taxes. Since the person gifting is not US Citizen; this is not applicable.",Corrective,0.3825500388940175,0.0,0.0,0.0,0.21413803100585938,0.07250755287009063,0.1268882175226586,11.399494647979736,False
crag,868,"Employer no longer withholds, how do I self administer 401k","If your employer no longer withholds contributions for your 401(k) and you want to self-administer it, you might consider setting up a Solo 401(k). This type of 401(k) is designed for self-employed individuals or those who operate as independent contractors and do not have any full-time employees. To qualify, you must meet the following eligibility requirements:","You can't be doing it yourself. Only your employer can do it. If the employer doesn't provide the option - switch employers. The only way for you to do it yourself is if you're the employer, i.e.: self-employed.",Fast,0.531042504310608,0.0,0.0,0.0,0.4173647165298462,0.17307692307692307,0.25742574257425743,8.580444812774658,False
crag,946,How does a public company turn shares into cash?,"A public company turns shares into cash through various means such as selling those shares on the stock market. When a company goes public via an IPO (Initial Public Offering), an investment bank typically underwrites the shares, meaning they buy the shares from the company and sell them to investors. The company receives the proceeds from the sale of these shares, which are deposited into the company’s bank account, allowing the","how do they turn shares into cash that they can then use to grow their business? Once a Company issues an IPO or Follow-On Public Offer, the company gets the Money. Going over the list of question tagged IPO would help you with basics. Specifically the below questions; How does a company get money by going public in an IPO? Why would a company care about the price of its own shares in the stock market? Why would a stock opening price differ from the offering price?  From what I've read so far, it seems that pre-IPO an investment bank essentially buys the companies public shares, and that bank then sells them on the open market. Is the investment bank buying 100% of the newly issued public shares? And then depositing the cash equivalent into the companies bank account? Additionally, as the stock price rises and falls over the lifetime of the company how does that actually impact the companies bank balance? Quite a bit on above is incorrect. Please read the answers to the question tagged IPO. Once an IPO is over, the company does not gain anything directly from the change in shareprice. There is indirect gain / loss.",Fast,0.6440509974956512,1.0,1.0,1.0,0.8544909954071045,0.23272727272727273,0.3296703296703297,10.475868463516235,False
crag,1003,The difference between Islamic Banks and Western Banks,"The difference between Islamic Banks and Western Banks lies primarily in their adherence to Shariah law principles, particularly regarding the prohibition of usury (riba), which is seen as exploitative and unfair. Islamic banks operate under a set of rules that aim to eliminate interest and instead use profit-sharing and risk-sharing mechanisms.

Key differences include:

1. **Interest vs. Profit-Sharing**: Islamic banks avoid charging interest","""To answer your first part, its not an opposition to profit. It's an opposition to usury - the practice of charging excessive interest on loans. There are extensive passages in the Qur'an condemning the practice, and in many cases """"excessive interest"""" is any interest. To the second part of the question, these may well be more risky investments. But if you're trying to build a strong and thriving community financial spirit, one might expect there to be significant social pressures to use the loaned money responsibly. Additionally, while it removes some of the penalty for failure, it doesn't remove the rewards for success. The incentive is still there to succeed. It's merely the penalty for failure is no longer financial ruination. It may also temper the incentive for banks to give money to riskier borrowers, but rather to prudently invest in ventures with an acceptable amount of risk. The question as to whether or not this is a """"house of cards"""" likely depends on the questioner. Whether or not this is also true for the western banking system likely remains to be seen, but it hasn't exactly been doing a sterling job of convincing me it isn't true for the past decade.""",Fast,0.602349050839742,0.7039180890341347,1.0,0.6666666666666666,0.602797269821167,0.08029197080291971,0.15441176470588233,9.962890625,False
crag,1031,How to get information about historical stock option prices for a defunct company?,"For historical stock option prices of a defunct company, especially if the event occurred long ago, your options become more limited and potentially costly. Here are some steps and resources you might consider:

1. **Google Scanned Newspaper Archives**: Search through digitized newspapers for mentions of the company and its stock prices. While exact date searches may be challenging, browsing and experimenting with the archives can sometimes yield results","""Though you're looking to repeat this review with multiple securities and events at different times, I've taken liberty in assuming you are not looking to conduct backtests with hundreds of events.  I've answered below assuming it's an ad hoc review for a single event pertaining to one security. Had the event occurred more recently, your full-service broker could often get it for you for free.  Even some discount brokers will offer it so.  If the stock and its options were actively traded, you can request """"time and sales,"""" or """"TNS,"""" data for the dates you have in mind.  If not active, then request """"time and quotes,"""" or """"TNQ"""" data. If the event happened long ago, as seems to be the case, then your choices become much more limited and possibly costly.  Below are some suggestions: Wall Street Journal and Investors' Business Daily print copies have daily stock options trading data.  They are best for trading data on actively traded options.  Since the event sounds like it was a major one for the company, it may have been actively traded that day and hence reported in the papers' listings.  Some of the print pages have been digitized; otherwise you'll need to review the archived printed copies. Bloomberg has these data and access to them will depend on whether the account you use has that particular subscription.  I've used it to get detailed equity trading data on defunct and delisted companies on specific dates and times and for and futures trading data.  If you don't have personal access to Bloomberg, as many do not, you can try to request access from a public, commercial or business school library. The stock options exchanges sell their data; some strictly to resellers and others to anyone willing to pay.  If you know which exchange(s) the options traded on, you can contact the exchange's market data services department and request TNS and / or TNQ data and a list of resellers, as the resellers may be cheaper for single queries.""",Fast,0.580393373966217,0.6309297535714575,0.5,1.0,0.5461891889572144,0.12652068126520682,0.17560975609756097,10.478331089019775,False
crag,1043,What should I consider when I try to invest my money today for a larger immediate income stream that will secure my retirement?,"When trying to invest your money today for a larger immediate income stream that will secure your retirement, consider the following:

1. **Start Early**: The earlier you start saving and investing, the more time your investments have to grow through compound interest.

2. **Maximize Contributions**: Contribute the maximum allowed to tax-advantaged accounts such as Roth IRAs or 401(k)s to","""I don't think you should mix the two notions.  Not starting out with at least.  It takes so much money, time and expertise to invest for income that, starting out at least, you should view it as a goal, not a starting point. Save your money in the lowest cost investments you can find.  If you are like me, you can't pick a stock from a bond, so put your money into a target retirement fund.  Let the experts manage the risk and portfolio.  Start early and save often!  At only 35 you have lots of time. Perhaps you are really into finance, in which case you might somebody manage your own portfolio.  Great, but for now, let an expert do the heavy lifting. You are an app developer.  Your best bet to increase your income stream with via your knowledge and expertise.  While you are still so young, you should use labor to make money, and then save that money for retirement.  I am going to make an assumption that where you are will software development means you can become a great developer long before you can become a great financier.  Play to your strengths. I am also afraid you are over estimating how comfortable you are with risk.  Any """"investment"""" that has the kinds of returns you are looking for is going to be wildly risky.  I would say those types of opportunities are more """"speculation"""" rather than """"investments.""""  There isn't necessarily anything wrong with speculations, but know the difference in risk.  Are you really willing to gamble your retirement?""",Fast,0.663907277584076,1.0,1.0,0.75,0.5241005420684814,0.11620795107033641,0.17791411042944788,11.47784686088562,False
crag,1055,How do online referal systems work?,"The context provided does not contain information about online referral systems. The given documents discuss Edgar Online, stock screeners, and accounting services, but do not mention referral systems. Therefore, based solely on the provided context, I cannot answer how online referral systems work. If you could provide additional relevant information or context about online referral systems, I would be able to give a more accurate answer.","""Yeah, I'll take the challenge...:) How trustworthy these are and what are their sources of income? These are in fact two separate questions, but the answers are related. How trustworthy? As trustworthy as they're clear about their own sources of income. If you cannot find any clue as to why, what for and how they're paying you - you probably should walk away. What's too good to be true usually is indeed too good to be true. For those of the sites that I know of their sources of income, it is usually advertisements and surveys. To get paid, you have to watch advertisements and/or answer surveys. I know of some sites who are legit, and pay people (not money, but gift cards, airline miles, etc) for participating in surveys. My own HMO (Kaiser in California) in fact pays (small amounts) to members who participate in enough surveys, so its legit. Are these sites worthwhile to consider for extra income? Not something you could live off, but definitely can get you enough gift cards for your weekly trip to Starbucks. What do I need to consider tax wise? Usually the amounts are very low, and are not paid in cash. While it is income, I doubt the IRS will chase you if you don't report the $20 Amazon gift card you got from there. It should, strictly speaking, be reported (probably as hobby income) on your tax return. Most people don't bother dealing with such small amounts though. In some cases (like the HMO I mentioned), its basically a rebate of the money paid (you pay your copays, deductibles etc. Since the surveys are only for members, you basically get your money back, not additional income). This is in fact similar to credit card rebates. Is there a best practice for handling the income? If we're talking about significant amounts (more than $20-30 a year), then you need to keep track of the income and related expenses, and report it as any other business income on your taxes, Schedule C. Is there a good test to determine what is and isn't a scam? As I said - if it looks too good to be true - it most likely is. If you're required to provide your personal/financial information without any explanation as to why, what it will be used for, and why and what for you're going to be paid - I'd walk away. Otherwise, you can also check Internet reviews, BBB ratings, FTC information and the relevant state agencies and consumer watchdogs (for example: http://www.scamadviser.com) whether they've heard of that particular site, and what is the information they have on it. A very good sign for a scam is contact information. Do they have a phone number to call to? Is it in your own country? If its not in your own country - definitely go away (for example the original link that was in the question pointed to a service whose phone number is in the UK, but listed address is in Los Angeles, CA. A clear sign of a scam). If they do have a phone number - try it, talk to them, call several times and see how many different people you're going to talk to. If its always the same person - run and hide. Do they have an address? If not - walk away. If they do - look it up. Is it a PMB/POB? A """"virtual"""" office? Or do they have a proper office set up, which you can see on the map and in the listings as their office? And of course your guts. If your guts tell you its a scam - it very likely is.""",Corrective,0.3794516523679098,0.5,0.3333333333333333,1.0,0.250575989484787,0.0492040520984081,0.08285714285714285,9.33064079284668,False
crag,1084,Insurance for a house which is not homeowners insurance?,"Insurance for a house which is not homeowners insurance would be vacant home insurance or bespoke insurance. Given the context, if a property becomes vacant and standard homeowners' coverage excludes it due to increased risk of break-ins, squatters, and vandalism, a specialized policy like vacant home insurance would be needed. Additionally, if the insurance needs are unique and not covered by standard policies, bespoke insurance would be appropriate.","""What you need will depend on a number of factors that aren't clear from the question. This coverage is simply called """"Vacant home insurance"""", but not all companies are willing to offer this coverage. Unfortunately, in New York, insurers can also legally drop your standard homeowners' coverage if they become aware that your property has become vacant for 30 days or more. The Insurer's Concerns Typically, a """"standard"""" homeowners policy will have an exclusion clause for vacant homes. The insurance company's concern is that without someone in the home, they will be at risk for break-ins, squatters and vandalism. If you've ever seen """"Flip Men"""" on Spike, you'll know this is a serious concern (great show, by the way). They will use a risk model to calculate an estimated risk for the property (this is why a seasonal vacation home in a sparsely-populated area is often less of a concern than a family home in an urban area). If they estimate the risk to be low, some insurance companies will allow to you buy back that exclusion so that vacant properties are covered. In your case, they have probably decided that either: Your Options First, you need to find a company that is comfortable with taking on the extra risk of a vacant home. This will vary quite a bit by location, but the main ones are Farmer's (they use the Foremost brand name in New York) and Castle Rock. There are lots of insurance agencies that also advertise these products, but most of them are middlemen and use one of these two companies to actually write the coverage. Additionally, since this is a specialty policy, make sure you understand all of the details of the policy, and how they vary from a regular policy including: How to Reduce your Premium costs These are general tips from the Murray Group's website (an independent broker in NY) on how to lower the additional cost of vacant coverage: This may sound expensive, but these steps will all reduce the risk of something really bad happening when you're not there. Additionally, do you know anyone you completely trust (relative, unemployed friend) that might want to live in your old house rent-free for a while? This could work out for you if they are willing to keep the place 100% clean around the clock so that you can show the house at any time. If you have additional/specific questions, you should be able to find an independent insurance broker in your area that would be willing to advise you on your specific situation for a flat fee. Best of luck with getting the home covered and sold quickly!""",Fast,0.559177142381668,1.0,1.0,1.0,0.7084227204322815,0.11428571428571427,0.18042226487523993,10.517348766326904,False
crag,1100,Combined annual contribution limits for individuals [duplicate],"Combined annual contribution limits for individuals for 2015, 2016, and 2017 to all of their traditional and Roth IRAs cannot exceed $5,500. There are also limits once you reach higher levels of income.","You're correct about the 401(k). Your employer's contributions don't count toward the $18k limit. You're incorrect about the IRAs though. You can contribute a maximum of $5500 total across IRA and Roth IRA, not $5500 to each. There are also limits once you reach higher levels of income. from IRS.gov: Retirement Topics - IRA Contribution Limits: For 2015, 2016, and 2017, your total contributions to all of your traditional and Roth IRAs cannot be more than:",Corrective,0.48955198725064597,0.9197207891481876,1.0,1.0,0.7515469789505005,0.29565217391304344,0.4482758620689655,7.925963640213013,False
crag,1107,What are stock indexed funds and how do they lower taxes?,"Stock index funds are investment vehicles that aim to replicate the performance of a specific stock market index, such as the S&P 500. They consist of a basket of stocks that mirrors the composition of the index. Index funds are designed to provide broad market exposure at a lower cost compared to actively managed funds.

Index funds lower taxes in several ways:

1. **Reduced Trading Activity**: Unlike","""who computes the S&P 500? Standard and Poor's. Why are they sharing this information and Because that's what they do. This is a financial research company. how do they recuperate the costs inherent in computing the S&P 500? By charging clients for other information. The computing of the index itself is not all that complicated, its coming up with the index that's a problem. Once they've come up with the formula, and it became widely accepted, the computation itself is not an issue. But the fact that its so popular leads to the S&P brand recognition, and people come and pay good money for their other services (ratings and financial analysis of securities). They do more work for free. For example, the ratings of various government debts are being done by S&P for free (governments don't pay for that), while private bonds are rated for a fee (corporations pay to have their bonds rated). Also, as noted by JBKing, there are probably some licensing fees for using the index name in the fund name (and other users are probably paying the licensing fee, like the news agencies and the exchanges). S&P500 is a registered trademark, and as such cannot be used without the owner's permission. Why is then """"active management"""" not required for indexed funds Because no research and stock picking is required. In fact, these funds don't really require a manager, they can be managed by a simple script. and how does it lower taxes? (perhaps this could be a different   question if this has become too broad) Actively managed funds perform a lot more buy/sell operations, each leading to tax consequences to the fund (which rolls them over to the investors). Index funds only buy and sell to re-balance back to the index (or when the makeup of the index changes, usually once a year or half a year), leading to much lesser realized capital gains to the fund, thus much lesser tax consequences.""",Fast,0.5045882900555928,0.0,0.0,0.0,0.5408764481544495,0.1176470588235294,0.19656019656019655,9.501758813858032,False
crag,1112,"When amending a tax return to include a futures loss carry back, are you not allowed to include a Schedule C?","No, when amending a tax return to include a futures loss carryback (Sec. 1212 carryback), you are not prohibited from including other changes such as corrections to a Schedule C at the same time. You can include all necessary changes in a single amended return, provided you attach a statement explaining each of the changes. The suggestion to separate these into different amendments might be due","Is it true that you cannot amend a tax return to include both a   futures loss carry back and a Schedule C at the same time? No, it is not true. You can include all the changes necessary in a single amended return, attaching statement explaining each of the changes. However you're talking about two different kinds of changes. Futures loss carryback is a Sec. 1212 carryback and not a correction of an error. Adding Schedule C would be a correction of an error. I'm guessing your CPA wants to separate the two kinds to avoid the situation where the IRS refuses to accept your correction of an error and by the way also doesn't accept the Sec. 1212 carryback on the same return. Or the CPA just wants to charge you twice for amendments.",Fast,0.5957191169261933,1.0,1.0,1.0,0.899549126625061,0.3529411764705882,0.4803921568627451,11.348831415176392,False
crag,1131,Do I qualify for a personal 401-K Plan?,"Based on the information provided, to qualify for a Solo 401(k), you need to meet two eligibility requirements: 
1. You must have self-employment activity.
2. You must not have any full-time employees.

If you meet these criteria, then you may be eligible to set up a Solo 401(k) using your contractor income.","""I'm not a tax lawyer, but from what I can tell it looks like you'd be eligible to use your contractor income to fund a Solo 401(k).  http://www.irafinancialgroup.com/whatissolo401k.php """"To access these benefits an investor must meet two eligibility requirements: The presence of self employment activity. The absence of full-time employees."""" And from the IRS itself (http://www.irs.gov/pub/irs-tege/forum08_401k.pdf)""",Fast,0.639678555727005,0.6309297535714575,0.5,1.0,0.7424412369728088,0.24615384615384617,0.39999999999999997,9.474517822265625,False
crag,1141,Considerations for holding short-term reserves?,"Considerations for holding short-term reserves include maintaining them in short-term investments to meet potential short-term needs. The amount should be adjusted based on the likelihood of needing the reserves. Long-term asset variability often exceeds the need for reserves, making it risky to invest highly liquid reserves in volatile assets. For instance, substituting nearly zero-yielding one-month bonds with stocks expected to return 9% could lead","It is a dangerous policy not to have a balance across the terms of assets. Short term reserves should remain in short term investments because they are most likely needed in the short term.  The amount can be shaved according to the probability of their respective needs, but long term asset variance usually exceed the probability of needing to use reserves. For example, replacing one month bonds paying essentially nothing with stocks that should be expected to return 9% will expose oneself to a possible sudden 50% loss.  If cash is indeed so abundant that reserves can be doubled, this policy can be expected to be stable; however, cash is normally scarce.  It is a risky policy to place reserves that have a 20% chance of being 100% liquidated into investments that have a 20% chance of declining by approximately 50% just for a chance of an extra 9% annual return. Financial stability should always be of primary concern with rate of return secondary only after stability has been reasonably assured.",Corrective,0.4697633961836497,0.6131471927654584,1.0,0.5,0.8502004742622375,0.26556016597510373,0.2723404255319149,10.514021635055542,False
crag,1320,"As a total beginner, how do I begin to understand finance & stocks?","As a total beginner, understanding finance and stocks involves several steps:

1. **Open a Bank Account**: Register for an account with a bank that allows you to manage a stock portfolio, such as TD Ameritrade. You can set up the account under your parents' name but manage it yourself. Ensure all necessary information, including SSN and tax details, are correct.

2. **Read Books","How I understand it is: supply/demand affect price of stock   negatively/positively, respectively. Correct. Volume is the amount of buying/selling activity in these stocks (more   volume = more fluctuation, right?). Sort of.  Higher volume means higher liquidity.  That is, a stock that is traded more is easier to trade.  It doesn't necessarily mean more fluctuation and in the real world, it often means that these are well-understood stocks with a high amount of analyst coverage.  This tends towards these stocks not being as volatile as smaller stocks with less liquidity. Company revenue (and profit) will help an investor predict company   growth. That is one factor in a stock price.  There are certain stocks that you would buy without them making a profit because their future revenue looks potentially explosive.  However, these stocks are very risky and are bubble-prone. If you're starting out in the share market, it's generally a good idea to invest in index funds (I am not a broker, my advice should not be taken as financial advice).  These funds aggregate risk by holding a lot of different companies.  Also, statistics have shown that over time, buying and holding index funds long term tends to dramatically outperform other investment strategies, particularly for people with low amounts of capital.",Fast,0.651305615901947,0.0,0.0,0.0,0.34956830739974976,0.10035842293906809,0.15162454873646208,10.395862817764282,False
crag,1325,How far do I go with a mortgage approval process when shopping around?,"When shopping around for a mortgage, it's important to be mindful of the number of hard inquiries on your credit report, as multiple applications within a short period can negatively impact your credit score. However, according to the context provided, 8 hard inquiries spread over two years is not considered a significant negative factor.

To answer your question directly: You should aim to complete the mortgage approval process efficiently while minimizing","As per my comments, I think this is up to you and how much work you want to put forth.  I do not feel it is trivial to provide documentation even with 90% of it will be the same among lenders. See this question: First answer, third and fourth paragraphs. You need to go as far as understanding the total cost of the loan, you probably need a good faith estimate.  I would also compare a minimum of three lenders.",Corrective,0.4289926131566365,0.0,0.0,0.0,0.38415050506591797,0.10526315789473685,0.25,11.548913478851318,False
crag,1370,Theory/Strategy for pricing by volume,"Theory/Strategy for pricing by volume involves setting prices that reflect both fixed and variable costs associated with different volumes of sales. The key elements include:

1. **Covering Fixed Costs**: Establish a base price that covers the fixed costs, which are expenses that do not vary with the level of production or sales. For instance, a minimum selling price per unit can be set to cover these costs, such","Actually, the rate of change could be more or less constant, but you might have a minimum price that represents your fixed costs.  So you might sell a milligram for $1 (which is ridiculous in terms of per-unit pricing) to cover fixed costs, and add $0.50/lb for each step in size to cover variable costs (cost of raw materials and packaging), so a 2lb bag would be $2, a 5lb bag would be $3.50, a ton would be $1,001, etc.  At the end of the day, you want the marginal revenue (the price that you charge for each additional pound) to be more than the marginal cost (the price per pound it takes to produce the bag).  Any amount over that goes towards your fixed costs - the cost you'd incur if you sold zero product (rent, utilities, overhead, etc.) It's not an exact science, and there are many variables that go into pricing.",Corrective,0.435072644551595,0.6309297535714575,0.5,1.0,0.4813658893108368,0.1572052401746725,0.29694323144104806,10.930534601211548,False
crag,1408,Joint Account for Common Earnings,"A joint account for common earnings is not recommended. It could complicate splitting the money if one party decides to close the account or withdraw their share. Additionally, it may create issues with splitting capital gains or losses for tax purposes. Instead, each party should manage their earnings separately, depositing checks into their own personal accounts and then transferring funds as needed between the businesses involved. This approach avoids potential legal","Short Answer: Go to the bank and ask them about your options for opening a business account. Talk to an attorney about the paperwork and company structure and taxes. Long Answer: You and your buddies jointly own an unincorporated business. This is called a partnership. Yes, there is paperwork involved in doing it properly and the fact that you guys are minors might complicate that paperwork a little bit. In terms of what type of account to open: A business account! Running a business through a personal account (joint or otherwise) is a sure way to get that account shut down. Your bank will want to know the structure of the business, and will require documentation to support that. For a partnership, they will probably want a copy of the partnership agreement. For an LLC, they'll probably want a copy of the filing with Ohio Secretary of State as well as the operating agreement etc. That said, pop into a local bank and ask a business banker directly what you should do. They deal with new businesses all the time, and would probably be best qualified to help you figure out the bank account aspect of it. Regarding business structure... this really impacts a lot more than just the type of bank account to open and how you file your taxes. It is something you guys should really discuss with an attorney. What happens if down the road one of you quits? What happens if you want to bring in a new partner later?  What if there is a disagreement about something?  These are all things that the attorney can help you address ahead of time - which is a heck of a lot easier (and cheaper) than trying to figure it out later. You're brining in enough that you should certainly be able to buy a couple hours of a lawyer's time. Getting the formation stuff right could save all of you a lot of money and heartache later.",Fast,0.5977575600147247,0.38685280723454163,0.5,0.5,0.40794962644577026,0.0694789081885856,0.14356435643564355,10.68329381942749,False
crag,1417,Market Cap lower than Shares Outstanding x Share Price?,"No, the market cap should never be lower than the product of shares outstanding multiplied by the share price. According to the definition provided in the context, market cap is calculated as shares outstanding multiplied by the share price. Therefore, if there is an error, it would indicate that either the shares outstanding figure, the share price, or both are incorrectly reported or interpreted. In the given context, it was","""You are comparing """"market caps"""" and """"enterprise value"""".  If the company has four billion dollars cash in the bank, then the value would be four billion plus whatever the business itself is worth as a business. If the business itself is only worth 400 million, then you would have 4.4bn market caps and 400 million enterprise value. The """"enterprise value"""" is basically how much the business would be worth if it had no cash or no debt.  These numbers would be a very unusual situation. It could happen for example if a big company has sold 90% of its business for cash. When you buy a share of the company, you get a tiny share of the business and you own a tiny share of the cash. This stock will very likely keep its value, but won't make much money.  On the other hand, more common would be a company where the business is worth 4bn, but the company has also 4bn debt. So it is worth exactly zero. Market caps close to zero, but enterprise value $4bn, because you ignore the debt in the enterprise value.  Edit: Sorry, got the """"enterprise value"""" totally wrong, read millions instead of billions: Your numbers would mean that you have a huge, huge company with close to 440bn debt. Most likely someone made a mistake here. A """"normal"""" situation would be say a company with a business that is worth $500 million, but they have $100 million debt, so market caps = $400 million but enterprise value = $500 million.  PS. Yahoo has the same nonsense numbers on their UK site, and for other companies (I just checked Marks and Spencer's which apparently has an enterprise value of 800 billion pound with a totally ridiculous P/E ratio.""",Fast,0.556804996728897,0.9197207891481876,1.0,1.0,0.42035549879074097,0.10382513661202185,0.16939890710382513,11.408261060714722,False
crag,1419,How can I invest in an index fund but screen out (remove) certain categories of socially irresponsible investments?,"To invest in an index fund while screening out certain categories of socially irresponsible investments, you can:

1. **Choose a Sustainability Index Fund**: Opt for an index fund that follows a sustainability index, which selects companies based on both financial performance and sustainability criteria. For example, the iShares Dow Jones Global Sustainability Screened UCITS ETF.

2. **Review Holdings**: Examine the holdings of various index","It would involve manual effort, but there is just a handful of exclusions,  buy the fund you want, plug into a tool like Morningstar Instant X Ray,  find out your $10k position includes $567.89 of defense contractor Lockheed Martin,  and sell short $567.89 of Lockheed Martin.  Check you're in sync periodically (the fund or index balance may change); when you sell the fund close your shorts too.",Fast,0.6783125519752502,1.0,1.0,0.6,0.3282901346683502,0.10447761194029852,0.20895522388059704,10.327136754989624,False
crag,1484,"If one owns 75% of company shares, does that mean that he would have to take upon himself 75% of the company's expenses?","No, owning 75% of company shares does not mean the owner would have to take upon himself 75% of the company's expenses. For a corporate entity, the responsibility for expenses is managed through the company's capital and financial structure, not directly by the percentage of share ownership. The owner's liability is generally limited to the value of their shares, and the company itself is responsible","Typically, no. Unless you have a detailed agreement spelling out the apportioning of costs, all operating expenses are deducted from gross income first, with the division of the proceeds coming out of net profit, in accordance with the type and % of shares you own, and per the terms of the shareholders agreement. This is a simplified answer, and does not address other methods of extraction, such as wages paid, loans to shareholders, interest paid on loans from shareholders, etc..",Fast,0.66883944272995,1.0,1.0,0.3333333333333333,0.5833152532577515,0.1904761904761905,0.2857142857142857,10.82615351676941,False
crag,1506,Someone asks you to co-sign a loan. How to reject & say “no” nicely or politely?,"Here’s a polite and honest way to reject the request while maintaining a positive relationship:

""Hey [Name], I really appreciate you thinking of me for this, but I think it's important we approach this differently. Co-signing a loan can be risky, and I don't want to put our friendship at risk by doing so. Instead, I’d love to help you find other ways to achieve","No, I don't mix business and personal affairs.",Fast,0.740091335773468,1.0,1.0,0.3,0.05852118879556656,0.0759493670886076,0.10256410256410256,11.04797625541687,False
crag,1548,How profitable is selling your customer base?,"Selling customer data is generally not very profitable for most companies. According to the context provided, the sellers typically only receive pennies for each piece of personal information, which makes such operations often a poor business decision due to the high reputation costs involved. The Financial Times' calculator further illustrates this point by showing that the revenue generated from selling personal data is minimal compared to the potential negative impact on a company","but what about non-identifying information like emails or even telephone numbers? Are you allowed to do this? Most countries have privacy laws that would explicitly forbid companies from selling data not just to other companies, but even to other divisions within the company without explicit approval from customer.  There are adequate regulatory controls that would stop companies from indulging in such practises. However tons of smaller / un-registered companies or companies operating from certain countries are definitely a source for such practises.",Corrective,0.38457205096880587,0.7653606369886217,1.0,0.6666666666666666,0.5109205842018127,0.12820512820512822,0.24675324675324675,10.019995927810669,False
crag,1554,Buying a truck to write off on taxes,"Buying a truck to write off on taxes involves several considerations. According to the context provided, if the truck is primarily used for business purposes, you can potentially write off its cost over time rather than all at once. The typical method is to write off partial usage based on the miles driven for business versus personal use. This process often involves keeping detailed records of business-related mileage.

For the U.S.,","Assuming your country is the United States there is.  See schedule C line 9 and the corresponding instructions.   There are many rules associated with this, in some cases the entire purchase can be written off but typically if the truck is only used for business.  Most people write off partial usage in the form of credits for mileage. You are best to consult with a CPA once your business earns a profit.  Good luck.",Fast,0.5578281283378601,1.0,1.0,1.0,0.7353379726409912,0.20408163265306123,0.36986301369863006,10.375280618667603,False
crag,1568,"If a company in China says it accepts Visa, does it accept all Visas?","If a company in China says it accepts Visa, it generally should accept all types of valid Visa cards, including credit, debit, and prepaid cards, according to Visa's rules. However, some businesses might specifically exclude certain types of Visa cards, such as Visa purchase cards, which are designed for corporate and government purchasing departments. Therefore, while a company claiming to accept Visa should accept most Visa cards,","Many businesses that accept regular VISA credit cards will not accept VISA purchase cards intended for corporate/gov purchasing departments and able to furnish a more detailed audit trail (purchase order #, lot #, etc.) than a regular credit card.  Other merchants take ONLY VISA purchase cards.",Fast,0.5565171003341676,1.0,1.0,1.0,0.7424460649490356,0.24778761061946902,0.336283185840708,9.939507246017456,False
crag,1616,Is there ACH analogue in Asia?,"Yes, there are ACH analogues in Asia. For example, in India, the National Electronic Funds Transfer (NEFT) and Real Time Gross Settlement (RTGS) serve similar functions to ACH. Additionally, in China, there are CNAPS and BEPS, and in other countries like Singapore, Indonesia, Thailand, and Malaysia, there are systems like Giro that offer similar functionalities to","ACH as offered in US is a very broad and versatile network used for a range of business case. There is no other network as versatile. In Europe UK has BACS as equivalent about 50-70% of what US-ACH offers. Most European countries also have ACH [Collectively Called ACH, have 90% of the layouts that are identical, called by different names domestically, different business capabilities and rules]. Most countries in Asia also have similar networks. For example in India there is ECS now replaced by NACH. In Singapore/Indonesia/Thailand/Malaysia they have Giro's. China has CNAPS and BEPS. So essentially every country has addressed the business need differently and bis.org has a decent over-view country wise on the clearing systems available.",Corrective,0.47412776947021484,1.0,1.0,1.0,0.6157553195953369,0.1758241758241758,0.3463687150837989,10.55099368095398,False
crag,1629,Income At the Sell or Reception?,"The context does not provide specific information about income at the sell or reception. The passage discusses legal implications of business ownership in case of separation, and the mechanics of short selling stocks. To answer a question about income at the sell or reception, more specific details related to income in these scenarios would be needed.","It looks like fair-market value when you receive your virtual currency is counted as income. And you're also subject to self-employment tax on that income. Here's an FAQ from the IRS: Q-8: Does a taxpayer who “mines” virtual currency (for example, uses   computer resources to validate Bitcoin transactions and maintain the   public Bitcoin transaction ledger) realize gross income upon receipt   of the virtual currency resulting from those activities? A-8: Yes,   when a taxpayer successfully “mines” virtual currency, the fair market   value of the virtual currency as of the date of receipt is includible   in gross income. See Publication 525, Taxable and Nontaxable Income,   for more information on taxable income.Q-9: Is an individual who   “mines” virtual currency as a trade or business subject to   self-employment tax on the income derived from those activities? A-9:   If a taxpayer’s “mining” of virtual currency constitutes a trade or   business, and the “mining” activity is not undertaken by the taxpayer   as an employee, the net earnings from self-employment (generally,   gross income derived from carrying on a trade or business less   allowable deductions) resulting from those activities constitute   selfemployment income and are subject to the self-employment tax. See   Chapter 10 of Publication 334, Tax Guide for Small Business, for more   information on selfemployment tax and Publication 535, Business   Expenses, for more information on determining whether expenses are   from a business activity carried on to make a profit. You'd of course be able to offset that income with the expense of mining the virtual currency, depreciation of dedicated mining equipment, electricity, not sure what else. Edit: Here's a good resource on filing taxes with Bitcoin: Filling in the 1040 Income from Bitcoins and all crypto-currencies is   declared as either capital gains income or ordinary income, for   example from mining. Income Ordinary income will be declared on either   your 1040 (line 21 - Other Income) for an individual, or within your   Schedule C, if you are self-employed or have sole-proprietor business.   Capital Gains Capital gains income, or losses, are declared on   Schedule D. Since there are no reported 1099 forms from Bitcoin   exchanges, you will need to include your totals with Box C checked for   short-term gains, and with Box F checked for long-term gains. Interesting notes from that article, your first example could actually be trickier than expected if you started mining before there was a Monero to USD exchange. Also, there can also be capital gains implications from using your virtual currency to buy goods, which sounds like a pain to keep track of.",Corrective,0.48397966027259826,0.0,0.0,0.0,0.2795742154121399,0.07707910750507099,0.10833333333333332,9.431972742080688,False
crag,1630,Opening a bank account with cash: How should bills be presented?,"When opening a bank account with cash, the bills can be presented in any order as banks have electronic money counters that do not require the cash to be sorted by denomination. It is common practice to put the cash in an envelope before presenting it to the bank.","Banks have electronic money counters so the order really doesn't matter. When I make a cash deposit that's large, I usually just put it in an envelope and hand it over.",Fast,0.6502615213394165,0.7653606369886217,1.0,0.6666666666666666,0.7618318796157837,0.29268292682926833,0.41463414634146345,5.842076539993286,False
crag,1641,Value of a collateralized asset,"The value of a collateralized asset can be estimated by the reduction in interest rate that the business achieves by securing a loan with that asset. For instance, if the business can secure a loan at 10.5% interest with the collateral compared to 17% interest without it, the collateral is valued at the difference in these rates, which is 6.5%.","You're not missing any concepts! It sounds like you are contributing a piece of collateral to the business, and you want to know a fair way to value how much this contribution of collateral is worth. Technically the economic answer would be the difference in interest between a secured loan and an unsecured loan.  So for example suppose that the business could get a loan at 17% without the collateral (maybe just on a credit card) but with the duplex as collateral it is able to get the loan at 10.5%. In principle, the value of this collateral is (17% - 10.5%) or 6.5%, because it has allowed the business to pay 6.5% less interest on its loan.",Fast,0.5732574880123138,1.0,1.0,1.0,0.7744272947311401,0.28260869565217395,0.42162162162162165,10.665733337402344,False
crag,1653,FSA when a retirement agreement has been put into place,"When a retirement agreement has been put into place, the Flexible Spending Account (FSA) contributions continue to be deducted periodically from your paychecks until your last day of work, assuming you are still employed up to that point. The employer can calculate the deductions to cover the full FSA contribution amount before your last day, even if it spans multiple months or years. This ensures that the full amount is","There's no reason for the employer not to deduct the whole amount before you leave. The FSA salary deduction has to be periodical, but it doesn't have to be calculated over a year. It just means that an equal amount will be deducted from your every paycheck, and if the employer (and you) know that your last paycheck is on June 30th even before the year starts - there's nothing to stop the employer from calculating the periodic payments so that it will cover your full FSA amount before you leave. That is, of course, other than mere convenience (it may be easier/cheaper to just give you the extra $1275 than to deal with the special case deduction calculation). This is different from unexpected termination/resignation, where the employer couldn't have made such an assumption and thus the periodic payments were calculated over a year. See pub. 969. The selection is annual - the deductions are periodical.",Fast,0.5640286207199097,1.0,1.0,1.0,0.5855901837348938,0.20869565217391303,0.31034482758620685,10.969257116317749,False
crag,1658,Do any publically available documents from IR or SEC include all patents the company holds?,"No, publicly available documents from IR or SEC do not include a comprehensive list of all patents a company holds. Companies are not required to state all patent holdings as assets on their financial statements, and such information is not typically included in SEC filings. Patents may be mentioned in aggregated form, such as under ""intangible assets,"" but this is not detailed on a patent-by-patent basis.","""SEC filings do not contain this information, generally. You can find intangible assets on balance sheets, but not as detailed as writing down every asset separately, only aggregated at some level (may be as detailed as specifying """"patents"""" as a separate line, although even that I wouldn't count on). Companies may hold different rights to different patents in different countries, patents are being granted and expired constantly, and unless this is a pharma industry or a startup - each single patent doesn't have a critical bearing on the company performance.""",Fast,0.6172963798046112,1.0,1.0,1.0,0.7469118237495422,0.20125786163522016,0.4050632911392405,10.827213287353516,False
crag,1660,"Why can we cancel cheques, but not Western Union transfers?","We cannot cancel Western Union transfers because once the money is sent, Western Union hands out cash to the recipient, making the transaction final. At this point, there's no way to reverse it as the cash has already been distributed and Western Union has no means to contact or trace the recipient. In contrast, cheques can often be canceled or reversed if they haven't been cashed yet, as the","When you send money with Western Union, it is essentially a cash transaction.  You supply Western Union with the name of the recipient and a location.  Your recipient then shows up at a Western Union office, shows some identification, and receives cash.  At this point, the transaction is over.  It is impossible to retract it at this point, because Western Union has already handed out cash, and they have no way of contacting the recipient any longer. This is the reason why you might want to legitimately use Western Union.  It is an instant way to send cash to anyone anywhere in the world.  Let's say that your best friend is stuck in a foreign land and desperately needs money.  You can give him cash just as fast as each of you can get to a Western Union office, and you don't even need a local bank account to do so. Unfortunately, however, the nature of the service also makes it useful for scammers.  You should never use this service to pay for something from someone you don't know, because there are absolutely no safeguards. As mentioned by user662852 in the comments, you can indeed cancel a Western Union money transfer if you do so before the money is picked up by the recipient.  But after they pick it up, the cash is gone.",Fast,0.6326696574687958,1.0,1.0,1.0,0.7162826657295227,0.18791946308724833,0.2953020134228188,10.92379879951477,False
crag,1664,How detailed do itemized deductions have to be? (source needed),"Itemized deductions can vary in detail depending on the specific type of deduction. Generally, for most deductions, only a total amount needs to be listed on Schedule A. However, for certain deductions, such as medical expenses and noncash gifts to charity, more detailed information may be required and must be submitted on additional forms like Form 8283 if the value exceeds $500. The","""When you do your taxes, you have two choices for your deductions. You can take the standard deduction, or you can choose to itemize your deductions. If you itemize your deductions, you use Form 1040 Schedule A.  By looking at Schedule A, you can see the list of deductions that are itemized: On Schedule A itself, you only list a total for each of these broad categories. In some cases, this is sufficient detail. However, for certain deductions, finer detail may be required, and you may have to submit additional forms showing this detail. For example, on the medical expense line, you generally only list a total of medical expenses; details are only supplied to the IRS upon request. For noncash gifts to charity, you need to supply more details on Form 8283 if your gifts are worth more than $500.  These requirements can be found in the instructions for Schedule A. As noted by @Accumulation in the comments, the above deductions that are a part of your itemized deductions are called """"below the line"""" deductions (because they are subtracted after the adjusted gross income line) and are only able to be deducted if you choose to decline the standard deduction. There are other deductions that are available whether or not you itemize. These """"above the line"""" deductions are found on Form 1040 Lines 23-35. If you look at these lines on the form, you'll see the different types of deductions that are called out here. Some of these deductions require additional details on other forms; for example, the HSA deduction requires details on Form 8889.  If you have a business, your business expenses are not part of your itemized deductions at all, and do not appear on Schedule A anywhere. Instead, your business expenses get subtracted from your business's revenue, and the resulting profit (or loss) is what is reported on your Form 1040.  Different types of businesses report these expenses differently. If you have a sole proprietorship, the details of your business's expenses are reported on Schedule C. On this schedule, Part II is devoted to deductible business expenses. Take a look at Schedule C, and you'll see that Lines 8-27 are different categories of expenses that get called out on this schedule.""",Fast,0.6621536970138551,1.0,1.0,1.0,0.8220459222793579,0.14414414414414414,0.21266968325791857,10.326561450958252,False
crag,1674,Has anyone compared an in-person Tax Advisor to software like Turbo Tax?,"Yes, someone has compared an in-person Tax Advisor to software like TurboTax. According to the context provided, Doc used TurboTax for simple tax returns and found that it produced results similar to those from a human accountant, without the higher cost. Doc noted that the accountant was unable to find any deductions that the TurboTax software couldn't find. However, Doc also mentioned that for more complex situations involving","Generally speaking no person or program is really going to be able to help you lower your current tax burden, most tax decisions are done well before you reach the tax time. You either qualify for the deduction/credit or your don't. Where a good accountant will really be able to help you out is in planning that will limit your future tax burden. Particularly if you run a small business or are very wealthy you will probably want to consider using an accountant. I would always avoid the large scale tax prep places like HR Block they provide the same or lower quality service for a higher price than the software. I run a small business and do my own taxes using turbo tax, but my business isn't overly complex Sole prop, no employees, couple 1099's simple expenses (nothing to amortize) etc.",Fast,0.7170579314231873,1.0,1.0,0.3333333333333333,0.5599863529205322,0.12962962962962962,0.22325581395348837,9.941863536834717,False
crag,1718,What exactly is the interest rate that the Fed is going to adjust?,"The interest rate that the Fed is going to adjust is the Federal Funds Rate, which is the interest rate at which depository institutions lend reserve balances to other depository institutions on an overnight basis.","While it is true that if the Federal reserve bank makes a change in their rate there is not an immediate change in the other rates that impact consumers; there is some linkage between the federal rate, and the costs of banks and other lenders regarding borrowing money. Of course the cost of borrowing money does impact the costs for businesses looking to expand, which does impact their ability to hire more workers and expand capacity. A change in business expansion does impact employment and unemployment... Then changes in employment can cause a change in raises, which can cause changes in prices which is inflation... Plus the lenders that lend to business see the flow of new loans change as the employment outlook change.  If the costs of doing business for the bank changes or the flow of loans change, they do adjust the rates they pay depositors and the rates they charge borrowers... How long it will take to change the cost of an auto loan? No way to tell.  Keep in mind that in complex systems, change can be delayed, and won't move in lock step. For example the price of gas\s doesn't always move the same way a price of a barrel of oil does.",Fast,0.6419569015502931,1.0,1.0,1.0,0.5576624870300293,0.10569105691056911,0.16260162601626016,6.915621280670166,False
crag,1741,What does inflation actually mean? [duplicate],"Inflation refers to the rate at which the general level of prices for goods and services is rising, and, subsequently, purchasing power is falling. When inflation occurs, each unit of currency buys fewer goods and services than it did before, leading to a decrease in the real value of money. In the context provided, inflation incentivizes spending and investment over holding cash, as the value of money decreases over","Inflation also provides incentives for consumers to purchase now rather than later (which helps drive sales) and it provides incentive for money to be invested and put back into businesses, rather than held as cash, because you need to earn at least a little interest on your money just to break even.",Fast,0.5682969113190969,1.0,1.0,1.0,0.7997733354568481,0.1487603305785124,0.24793388429752064,9.646978616714478,False
crag,1746,Ways to avoid being labeled a pattern day trader,"Ways to avoid being labeled a pattern day trader include:

- Holding investments for longer periods rather than frequent day trading.
- Limiting the number of trades relative to total trading activity within a five-day period.
- Avoiding day trading frequently; for example, not engaging in an average of 20 buys and sells per day.
- Focusing on fewer stocks over a longer holding period to reduce","""Sorry but you already provided the answer to your own question.  The simple answer is to 'not day trade' but hold things for a longer period and don't trade a large number of different stocks every week. Seriously, have a look at the rules and see what it implies.. an average of 20 buys and sells of longer term positions PER DAY is a pretty fair bit of trading, that's really churning through the positions compared to someone who might establish positions with say 25 well picked stocks and might change even 5 of those a week to a different stock.  Or even a larger number of stocks but seeking to hold them for over a year so you get taxed at the long term cap gains rate. If you want to day trade, be prepared to be labeled as such and deal with your broker on that basis.  Not like they will hate you given all the fees you are likely to rack up.  And the government will love you also, since you'll be paying short term gains taxes.  (and trust me, us bogelheads appreciate the liquidity the speculative and short term folks bring to the market.) In terms of how it would impact you, Expect to be required to have a fairly substantial balance ($25K) if you are maintaining a margin account. I'd suggest reading this thread My account's been labeled as """"day trader"""" and I got a big margin call. What should I do? What trades can I place in the blocked period?""",Fast,0.5815404593944549,1.0,1.0,1.0,0.5673710107803345,0.14153846153846153,0.21951219512195122,10.005210399627686,False
crag,1747,Is it bad etiquette to use a credit or debit card to pay for single figure amounts at the POS,"It is not a matter of etiquette, but rather a matter of practicality and cost. According to the context provided, using a credit or debit card for small transactions can raise costs for everyone, especially for merchants with small average transactions. Therefore, while there isn't a specific etiquette rule against it, from a practical standpoint and considering the broader impact, it might be seen as less ideal to use a","It's fine.  Some people (including myself) charge any amount, no matter how small. I think charging small amounts is encouraged by no longer having to sign for small amounts (Not sure if this is state-by-state, though).   Somewhere, the transfering of digital money is being paid for - either in the merchant fees, an ATM fee, or my time in going to a bank or ATM where I will not be charged a fee.",Fast,0.6943377137184144,1.0,1.0,0.3,0.5397298336029053,0.136986301369863,0.23448275862068968,9.94422459602356,False
crag,1753,"Better ways to invest money held by my small, privately-held Canadian corporation?","For your small, privately-held Canadian corporation, better ways to invest the held money could include:

1. **Business Expansion and Growth**: Invest in expanding your business operations or launching new products/services.
2. **Diversification**: Consider diversifying your product line or entering new markets to spread risk.
3. **Integration**: Look into integrating with other businesses or acquiring complementary companies.
4. **Bank","Since you are talking about a small firm, for the long term, it would be advisable to invest your money into the expansion - growth, diversification, integration - of your business. However, if your intention is to make proper use of your earnings in the short term, a decent bank deposit would help you to increase the credit line for your business with the benefit of having a high enough liquidity. You can also look at bonds and other such low risk instruments to protect your assets.",Fast,0.58008873462677,0.6131471927654584,1.0,0.5,0.5981293320655823,0.16551724137931034,0.3424657534246575,8.90857458114624,False
crag,1780,Deferring claim of significant purchase of RRSPs,"You can defer the tax deduction for significant RRSP purchases, but you must ensure you have the contribution room available in the year you make the purchase. If you have $50,000 of contribution room, you can contribute $50,000 all at once and then claim a portion of the deduction over the next three years. For example, you could claim $16","You can't defer reporting of the RRSP purchases.  The financial institution will report those purchases to CRA, and the CRA expects to see you report those purchases on your return.  If they don't match, expect to be audited and to pay penalties.  However, you can defer the tax deduction of those purchases until later years. That means you but you must have the RRSP contribution room available in the year you make the purchase.  So if you have $50 000 of contribution room, you can contribute $50 000 all at once and deduct $16 667 in the next 3 years.  However, if you only have $20 000 of contribution room, CRA will make your life very unhappy if you contribute $50 000 all at once.  In that case, your best bet is to contribute enough to use all your contribution room and repeat each year as you get more contribution room. Also, you have a $2000 lifetime overcontribution limit.  That means whatever contribution room you have, you can contribute $2000 more.  But you won't be able to deduct that amount, and you don't get more overcontribution space each year.",Fast,0.5904687126477559,1.0,1.0,1.0,0.832243800163269,0.34509803921568627,0.3843137254901961,10.449688196182251,False
crag,1789,Why do some stocks have trading halts and what causes them?,"Some stocks have trading halts typically when the company is about to release significant news to the market. This is done to prevent speculative trading based on rumors or assumptions before the official announcement. Trading halts ensure that all investors receive the same information simultaneously, maintaining fairness in the market. Common reasons for these halts include earnings updates, acquisitions, mergers, or takeover bids.","The company may have put a trading halt due to many reasons, most of the time it is because the company is about to release some news to the market. To stop speculation driving the price up or down, it puts a halt on trading until it can get all the information together and release it to the market. This could be news about an earnings update, a purchase of other businesses, a merger with another business, or a takeover bid, just to name a few.",Fast,0.5926367759704589,1.0,1.0,1.0,0.8208204507827759,0.3758389261744966,0.38926174496644295,9.141671895980835,False
crag,1846,How can my friend send $3K to me without using Paypal?,"Your friend can send $3K to you through several methods without using PayPal:

1. **Bank Bill Pay Service**: Most banks offer bill pay services where you can set up a payment to someone by providing their address. This method works for paying any person or business with a valid address.

2. **Gift Cards**: Have your friend purchase a gift card for $3K from a retailer that accepts","Many banks offer online payment. He can add a payee and just type your name and address in. The bank will mail the check out if they cannot deliver payment electronically. Edit: Recently I came across this (Citibank Global Transfer), you and your friend should see if your bank offers a similar service. Citibank requires both of you to have an account with them.",Fast,0.6016865372657776,1.0,1.0,0.5,0.678634524345398,0.13740458015267176,0.2748091603053435,8.862510442733765,False
crag,1864,How can I diversify investments across currencies in ISA?,"The context provided does not directly address diversification across currencies within an ISA. However, to diversify investments across currencies in an ISA, you could consider investing in:

1. International stocks or funds that invest in multiple countries.
2. Exchange-Traded Funds (ETFs) that track global indices.
3. Foreign currency bonds or debt instruments.
4. Currency exchange-traded products (ETPs)",You have to check if the investment vehicle you are planning to buy is acceptable for ISA on a case by case. Then if it is allowed by HMRC you have to check that your ISA provider offers those products (the mainstream providers might offer a more limited range of products and you might have to go to change your provider),Fast,0.5591082632541657,0.6131471927654584,1.0,0.5,0.5350568294525146,0.1,0.11864406779661016,9.047469139099121,False
crag,1874,Is it necessary to pay tax if someone lends me money to put into my mortgage?,"In the United States, if the loan is structured as an ""in-family loan"" and interest is charged, the interest paid would be considered taxable income to you, the borrower. However, if the loan does not charge interest, no tax is due on the amount borrowed. It's important to note that such arrangements should be properly documented to comply with tax laws and to protect both parties involved. Consulting","This answer is specifically for the UK, but one building society has an account set up specifically for this. You actually refer your friend/family member to set up an account and then it can be linked to your mortgage. They don't get any interest for their account as it's all offset against your mortgage. If you then happen to give them a cash gift (up to £250 or possibly £3000 per year, I can't work out which is the reliable number, as of 2015) then it's all completely above board.",Fast,0.570555430650711,0.5307212739772434,0.5,0.6666666666666666,0.44084054231643677,0.13333333333333333,0.20731707317073172,9.920379400253296,False
crag,1887,What are the opportunities/implications of having a designated clearing bank in my home country?,"Having a designated clearing bank in your home country implies several opportunities and implications:

1. **Profit Retention**: Profits from the banks remain within the nation, contributing to the national economy rather than being distributed to foreign shareholders.
2. **Tax Benefits**: Profits can offset tax liabilities, potentially reducing the overall tax burden on the nation.
3. **Economic Stability**: Ownership by the state can","For an individual there will not be much impact immediately. This arrangement will help Corporates and Banks settle payments more easily. - It would typically help companies dealing with Yuan [Buying or selling to China or Countries that accept Yuan as payment] to make payments at a cheaper cost & in less time. - In the near future it would make it easier for companies to invest more into China financial markets - It would also open up / create new market for derivatives and other allied products - It would also make Singapore a market place for Yuan outside China [and Hong Kong] resulting in more money and related product. In a related move this would make it easy for Singapore Central Bank to invest in China.   Once the markets matures more, there could be some products for Individuals.",Fast,0.5558918535709381,0.3065735963827292,0.3333333333333333,0.5,0.43606996536254883,0.07142857142857142,0.09,9.962176322937012,False
crag,1893,How do I use investments to lower my taxes [US]?,"To use investments to lower your taxes in the United States, consider the following strategies:

1. **Homeownership**: Purchasing a home allows you to deduct mortgage interest and property taxes from your income if you itemize deductions. This can significantly reduce your taxable income.

2. **Small Business Ownership**: Owning a small business can provide numerous tax deductions. Leasing a vehicle for the business, writing","Probably the biggest tax-deferment available to US workers is through employee-sponsored investment plans like the 401k.  If you meet the income limits, you could also use a Traditional IRA if you do not have a 401k at work.  But keep in mind that you are really just deferring taxes here.  The US Government will eventually get their due. :) One way which you may find interesting is by using 529 plans, or other college investment plans, to save for your child's (or your) college expenses.  Generally, contributions up to a certain amount are deductible on your state taxes, and are exempt from Federal and State taxes when used for qualifying education expenses.  The state deduction can lower your taxes and help you save for college for your children, if that is a desire of yours.",Fast,0.6438645362854004,0.23463936301137822,0.3333333333333333,0.3333333333333333,0.4806545078754425,0.15,0.2525252525252525,9.221709489822388,False
crag,1906,Taking out a loan to pay down a mortgage,"Taking out a loan to pay down a mortgage can be problematic due to the LTV (Loan-to-Value) restrictions set by banks. Typically, you cannot take out a second mortgage for more than 80% of the total value of the property, including the existing mortgage. This means that if you take out a 100% LTV loan on property A, the bank might","You're not crazy, but the banks are. Here's the problem: You're taking 100% LTV on property A - you won't be able to get a second mortgage for more than 80% total (including the current mortgage) LTV. That's actually something I just recently learned from my own experience. If the market is bad, the banks might even lower the LTV limit further. So essentially, at least 20% of your equity in A will remain on the paper. Banks don't like seeing the down-payment coming from anywhere other than your savings. Putting the downpayment from loan proceeds, even if not secured by the property which you're refinancing, will probably scare banks off. How to solve this? Suggest to deal with it as a business, putting both properties under a company/LLC, if possible. It might be hard to change the titles while you have loans on your properties, but even without it - deal with it as if it is a business. Approach your bank for a business loan - either secured by A or unsecured, and another investment loan for B. Describe your strategy to the banker (preferably a small community bank in the area where the properties are), and how you're going to fund the properties. You won't get rates as low as you have on A (3.25% on investment loan? Not a chance, that one is a keeper), but you might be able to get rid of the balloon/variable APR problem.",Fast,0.5942117214202881,0.6131471927654584,1.0,0.5,0.6376756429672241,0.16507936507936508,0.26666666666666666,9.945252895355225,False
crag,1931,Switch from DINK to SIWK: How do people afford kids?,"Switching from DINK (Dual Income No Kids) to SIWK (Single Income With Kids), people often face financial challenges due to the increased costs associated with raising children. To manage these expenses, individuals may need to make significant lifestyle changes. This includes buying less expensive homes, renting instead of owning, driving longer distances to work, taking on additional jobs, and cutting back on savings for retirement.","""It is simple: G-d provides :). EDIT: By """"it"""" I mean the answer to the question asked. Raising kids is not so simple; G-d does provide :).""",Fast,0.5296778619289397,0.46927872602275644,1.0,0.1111111111111111,0.2398167997598648,0.06521739130434782,0.08888888888888889,9.503654718399048,False
crag,1938,How to distinguish gift from payment for the service?,"To distinguish a gift from payment for a service, the key factors are intent and documentation. A gift is generally considered a gift if it is given without expectation of something in return and is not recorded as a business expense by the giver. If the recipient does not report it as income and the giver does not claim it as a deduction, it may be treated as a gift. However, if the transaction","All of this assumes that this relationship isn't as employer-employee relationship, which would require you to withhold taxes. If you send them a small token of appreciation, and you are unable to record it as a business expense, or some other deductible expense, you don't have to be concerned about how they claim it. They decide if they want to risk claiming it was a gift, or if they want to record it as an expense. Even if you say some magic phrase that you think will impress the IRS, the recipient can still decide declare it as income. To have any hope of being able to treat it as a gift they would have to be able to demonstrate that there is a non-business relationship.  If you can claim it as a business expense, or a deductible expense,  they will have to also claim it as income; because your documentation could point the IRS to their lack of documentation.  Giving them a check or sending the payment electronically will require them to claim it as an income, since an audit could require them to explain every line on their bank statements.",Fast,0.6163332700729369,0.7653606369886217,1.0,0.6666666666666666,0.7369690537452698,0.1851851851851852,0.2761194029850746,10.462014198303223,False
crag,1952,What happened when the dot com bubble burst?,"When the dot com bubble burst, many companies that had relied on rapid growth and investment funding without establishing sustainable business models became unsustainable. Companies like VarsityOnline.com, which depended on continuous investment and had never generated real profits, self-destructed. The burst led to the collapse of numerous dot-com businesses as investors lost faith and withdrew funds. Additionally, many companies inflated their financial reports through dubious accounting practices","""The dot.com companies were purveyors of the Internet, then a """"new"""" technology around 2000. Everyone """"knows"""" that such a new technology will change the economy and society. What people didn't know at the time was WHICH companies would be the leaders/beneficiaries of such change. So investors pushed up the stock prices of ALMOST ALL companies in the """"space."""" Any ONE (or two or three) companies can benefit from such a new technology. But not ALL of them can: It's something called the """"fallacy of composition."""" That is, there can be one or two Googles (or Microsoft of a previous era), but not 100 of them. Most of the other 98 will go bust. Those were victims of the bubble that affected all, including the successful ones. It's a bit like the California gold rush. Maybe one of 10 miners got """"rich"""" (or at least moderately wealthy). The other 90% died heartbroken, trying.""",Fast,0.7164566516876221,1.0,1.0,0.42857142857142855,0.6147921681404114,0.09691629955947137,0.13333333333333336,10.478132963180542,False
crag,1977,Square reported my credit card transactions as personal income?,"No, Square did not report your credit card transactions as personal income. Instead, the transactions were likely reported as business expenses. However, if these expenses do not match up with your reported income on your tax forms, the IRS may assume these expenses are unreported income and consider it a discrepancy.","Square is a company. They need to detail as part of their corporate taxes all of their expenses. The money they collected for you, and sent to you, is not income for themselves. Their tax form included the amount of money they sent you, along with either your Social Security Number of corporate tax id. The IRS computers match the information regarding expenses to the information regarding income. In this case the expense listed by Square didn't match-up with a line of your tax forms for that year. The IRS now sees that as unreported income. If you didn't tell them about other expenses you had, they can only assume your expenses were zero.  Congratulations you have a business. Unfortunately the Federal, state and local governments now will want to know about your business. You may have to fill out multiple years worth of tax forms and other required forms. Yes, you should getting professional accounting and tax help.",Fast,0.5709721326828003,1.0,1.0,1.0,0.7080852389335632,0.1596244131455399,0.2641509433962264,7.770698547363281,False
crag,1983,In-laws moving in (financial/tax implications)?,"In-laws moving in can have significant financial and tax implications. Here are key points to consider:

1. **Ownership and Rental Agreement**: Clarify the ownership of the new house. If the in-laws are paying rent, it should be treated as a rental agreement. Ensure there is a formal lease or agreement outlining the terms, including the percentage of expenses they cover.

2. **Tax Ded","""You are """"pool[ing] the sales from both houses as downpayment on the new house."""" But they are going to pay you rent.  Your question as it stands, just opens more questions. What, exactly is the ownership of the new house? If your's (and your wife's) was the money a gift?  Ignoring the gift, if that's what it is, and if the in-law suite is 25% of the house value, you have a rental. You claim 25% of the expenses, including property tax and mortgage interest, along with 25% of the utilities, unless their part has its own meters.  That's a start, if you add details, I may edit my answer. (Not to be pedantic, but whose parents are they. They can't be """"our in-laws,"""" can they?)""",Corrective,0.3607812921206156,0.6934264036172708,0.5,1.0,0.6762616634368896,0.18090452261306533,0.31794871794871793,11.097414255142212,False
crag,2006,Blog income taxes?,"Blog income taxes involve several key points:

1. **Income vs. Expenses**: Income is money coming to you, while expenses are money going out from you. You need to track both for accurate tax reporting.

2. **1099-MISC Forms**: If you pay bloggers over $600, you might need to issue 1099-MISC forms to them. This","If thinking about it like a business you normally only pay taxes on Net income, not gross.  So Gross being all the money that comes in. People giving you cash, checks, whatever get deposited into your account. You then pay that out to other people for services, advertisement. At the end of the day what is left would be your 'profit' and you would be expected to pay income tax on that.  If you are just an individual and don't have an LLC set up or any business structure you would usually just have an extra page to fill out on your taxes with this info. I think it's a schedule C but not 100%",Fast,0.6135817706584931,1.0,1.0,1.0,0.4574641287326813,0.1627906976744186,0.23529411764705888,10.482869863510132,False
crag,2032,Where can I find all public companies' information?,"You can find information on all public companies through Wolfram Alpha by visiting http://www.wolframalpha.com/input/?i=list+of+public+companies and keep clicking the ""more"" button until you have all the information you need. Additionally, each company itself often provides great information for investors on their websites, such as [http://thewaltdisneycompany.com/investors](","Moody's is now Mergent Online. It's no longer being printed, and must be accessed digitally. In order to browse the database, check with your local public library or university to see if you can get access. (A University will probably require you to visit for access).  Another good tool is Value Line Reports. They are printed information sheets on public companies that are updated regularly, and are convenient for browsing and for comparing securities. Again, check your local libraries.  A lot of the public information you may be looking for can be found on Yahoo Finance, for free, from home. Yahoo finance, will give financial information, ratios, news, filings, analysis, all in one place.",Fast,0.6207560420036315,0.7039180890341347,1.0,0.5,0.4890230894088745,0.1395348837209302,0.1893491124260355,9.991575479507446,False
crag,2048,"If I'm going to start doing my own taxes soon, do I need to start keeping receipts for everything?","If you're going to start doing your own taxes soon, you generally do not need to keep receipts for everything. You should only keep receipts for items where you plan to claim deductions, such as charitable donations, mortgage interest, property taxes, and certain business expenses. For most purchases, especially non-deductible ones like food, you do not need to keep receipts. However, if you engage in","You need receipts only if you claim deductions in the itemized deductions section based on them. You itemize deductions only if your claims exceed the standard deduction (which for a single person was $5,800 last year). Even then, you need receipts for everything only if you claim sales tax as the deduction (you have to buy really a lot to pass $5K with sales tax...). I would expect people to pay more in state income taxes than sales taxes (you can claim either this or that, not both). For food - there are no taxes (at least here in California), so nothing to deduct anyway. In any case, you can always scan your receipts and keep them in the computer, for just in case, but IMHO it's waste of time, pixels and gigabytes. Here's a question which deals with the same issue, read the answers there as well.",Fast,0.7677105665206909,1.0,1.0,0.75,0.8146436810493469,0.16589861751152074,0.30414746543778803,10.026386499404907,False
crag,2062,How would I use Google Finance to find financial data about LinkedIn & its stock?,"To find financial data about LinkedIn & its stock on Google Finance, follow these steps:

1. Go to Google Finance (finance.google.com).
2. In the search bar, type ""LinkedIn"" and select the company from the search results.
3. Once on the LinkedIn company page, you can view various financial metrics including:
   - Stock price history
   - Earnings reports
   - Financial","""Remember that """"earned"""" means """"earned in profit."""" A company like LinkedIn may not be trying to earn any profit, because they believe that they are at the stage in their development where the best thing to do with excess cash is to reinvest it in growing the business. Therefore, profit may not be the best metric at this stage in the company's life cycle.""",Fast,0.6088499844074249,0.46927872602275644,1.0,0.2,0.4458574056625366,0.13114754098360656,0.16,9.981892824172974,False
crag,2096,Book capital losses in gnucash,"In Gnucash, book capital losses are recorded as negative transactions against the ""Income:Capital Gains"" account. This follows the model described in the context provided.","According to the gnucash guide, losses are recorded as negative transactions against Income:Capital Gains.  I've followed this model in the past when dealing with stocks and commodities.  If on the other hand, you're talking about an asset which could normally follow a depreciation schedule, you might want to look at the section in the business guide dealing with asset depreciation.",Corrective,0.4256808499495188,0.6131471927654584,1.0,0.5,0.854851245880127,0.36363636363636365,0.409090909090909,6.492976427078247,False
crag,2141,How do you declare revenues from YouTube earnings in the USA if you are a minor?,"If you are a minor and receive earnings from YouTube, those earnings would typically be reported by your parent or legal guardian. The parent or guardian would receive a 1099-MISC form from YouTube indicating the income earned. This information would then be entered into the appropriate sections of the tax return, likely under the parent or guardian's name, but the income would be attributed to the minor.","In the USA, you probably owe Self Employment Tax. The cutoff for tax on this is 400$. You will need to file a tax return and cover the medicaid expenses as if you were both the employer and employee.  In addition, if he earns income from self-employment, he may owe Self-Employment Tax, which means paying both the employee’s and employer's share of Social Security and Medicaid taxes. The trigger for Self Employment Tax has been $400 since 1990, but the IRS may change that in the future. Also see the IRS website.  So yes, you need to file your taxes. How much you will pay is determined by exactly how much your income is.  If you don't file, you probably won't be audited, however you are breaking the law and should be aware of the consequences.",Fast,0.5023718893527984,0.6131471927654584,1.0,0.5,0.15523944795131683,0.14218009478672985,0.25,9.497760534286499,False
crag,2166,What are the alternatives to compound interest for a Muslim?,"For Muslims, the alternatives to compound interest include investing in ventures where returns come from a share of profits rather than a fixed rate of return. This aligns with Shariah principles, which prohibit lending at interest (usury). Instead, Muslims can invest in businesses or assets where they receive a percentage of the profits, similar to how compound interest works but without the fixed interest rate. This approach ensures that",Invest in growth stocks which do not pay any dividends (Note that some part of the dividends issued by a corporation might be from interest received by the company and passed on to you as a dividend); Buy a house from a bank that practices Islamic Banking. See this question which you yourself answered a few weeks ago to understand how this works.,Fast,0.7095710992813111,0.7653606369886217,1.0,0.2222222222222222,0.5432974100112915,0.16666666666666666,0.2727272727272727,10.839109659194946,False
