rag_variant,qid,question,prediction,gold_answer,pathway,reliability_score,ndcg_at_3,mrr_at_3,recall_at_3,semantic_similarity,rouge_l,f1_score,latency_seconds,abstained
hybrid,551,UK companies house - what can I glean from an abbreviated balance sheet?,"From an abbreviated balance sheet in the context of UK Companies House, you can glean that the company's liabilities exceed its assets, indicating negative equity. This suggests the company might struggle to secure credit or manage debt effectively. Additionally, you can assess the overall financial health and liquidity position of the company. However, detailed information such as specific intangible assets like patents is typically not provided in abbreviated balance sheets;","What this abbreviated balance sheet tells you is that this company has negative equity.  The liabilities are greater than the value of the assets.  The obvious problem for the company who wants to do business with you is that they are going to have a real hard time accessing credit to pay off any debts that they incur with doing business with you.  In this case, the recommended course would be to ask them put cash up front instead of putting them on account. You don't really need to look at the income statement to see that they are currently underwater.  If their income statement turns out to be splendid, then you can wait for them to get their liabilities under control before you set up an account for them.",Direct,0.0,1.0,1.0,1.0,0.6912901401519775,0.1683168316831683,0.2574257425742574,10.05413818359375,False
hybrid,566,Condo Purchase - Tax Strategies [US],"When considering the tax strategies for purchasing a condo, especially when involving family members, several key factors and considerations come into play:

1. **Documentation and Agreements**: Ensure that all financial arrangements and agreements are properly documented. This includes setting clear terms for the rental arrangement, including the rental rate, duration, and any other financial obligations. This documentation can help prevent future disputes and ensure compliance with tax laws","""You will need to see a tax expert. Your edited question includes the line For the short term, we will be """"renting"""" it to my wife's grandmother at a deep discount. According to the instructions for schedule E If you rented out a dwelling unit that you also used for personal   purposes during the year, you may not be able to deduct all the   expenses for the rental part. “Dwelling unit” (unit) means a house,   apartment, condominium, or similar property. For each property listed on line 1a, report the number of days in the   year each property was rented at fair rental value and the number of   days of personal use. A day of personal use is any day, or part of a day, that the unit was   used by: I have no idea how this will work for Schedule C.""",Direct,0.0,0.38685280723454163,0.5,0.5,0.46499231457710266,0.12380952380952381,0.14285714285714288,10.050328016281128,False
hybrid,586,"If a stock is selling for less than book value, is the company headed for bankruptcy?","If a stock is selling for less than book value, it does not necessarily mean the company is headed for bankruptcy. According to the context provided, a company with a stock trading below book value could be considered ""impaired,"" possibly due to assets being overstated. However, whether it becomes a bankruptcy candidate depends on the specific circumstances. The context suggests that depending on the situation, it may or may","""An answer can be found in my book, """"A Modern Approach to Graham and Dodd Investing,"""" p. 89 http://www.amazon.com/Modern-Approach-Graham-Investing-Finance/dp/0471584150/ref=sr_1_1?s=books&ie=UTF8&qid=1321628992&sr=1-1 """"If a company has no sustained cash flow over time, it has no value...If a company has positive cash flow but economic earnings are zero or less, it has a value less than book value and is a wasting asset. There is enough cash to pay interim dividends, bu the net present value of the dividend stream is less than book value."""" A company with a stock trading below book value is believed to be """"impaired,"""" perhaps because assets are overstated. Depending on the situation, it may or may not be a bankruptcy candidate.""",Direct,0.0,1.0,1.0,1.0,0.6746501922607422,0.2912621359223301,0.4020100502512563,12.087308406829834,False
hybrid,600,"After a stock dividend, how do you calculate holding periods for capital gains taxes?","After a stock dividend, the holding period for capital gains taxes is calculated based on the original purchase date of the shares on which the dividend was paid. The holding period does not start anew with the received shares from the dividend. Therefore, any capital gains tax would be assessed based on the length of time you held the original shares before and after receiving the dividend.",Stock acquired through a (non-taxable) stock dividend has the same holding period as the stock on which the dividend was paid.,Direct,0.0,1.0,1.0,1.0,0.7371101379394531,0.29213483146067415,0.29545454545454547,9.370299100875854,False
hybrid,612,Can we amend last year's Schedule C to indicate reduced income due to a customer refund this year for a product we sold last year?,"No, you cannot amend last year's Schedule C to indicate reduced income due to a customer refund received this year for a product sold last year. The transactions for each tax year are based on the cash paid and cash received in that year. Since the refund was received this year, it should be accounted for in this year’s Schedule C, not last year’s.","I am not an accountant, but I have a light accounting background, despite being primarily an engineer.  I also have a tiny schedule C business which has both better and worse years.  I am also in the United States and pay US taxes.  I assume you are referring to the US Form 1040 tax return, with the attached Schedule C.  However little I know about US taxes, I know nothing about foreign taxes. You are a cash-basis taxpayer, so the transactions that happen in each tax year are based on the cash paid and cash received in that year.  You were paid last year, you computed your schedule C based on last year's actual transactions, and you paid taxes on that income. You can not recompute last years schedule C based on the warranty claim. You might want to switch to an accrual accounting method, where you can book allowances for warranty claims.  It is more complex, and if your business is spotty and low volume, it may be more trouble than it is worth. At this point, you have two months to look for ways to shift expenses into next year or being income into this year, both of which help offset this loss. Perhaps a really aggressive accountant would advise otherwise (and remember, I am not an accountant), but I would take the lumps and move on. This article on LegalZoom (link here) discusses how to apply a significant net operating loss (NOL) in this year to the previous two years, and potentially carry it forward to the next two years.  This does involve filing amended returns for the prior two years, showing this year's NOL.  For this to be relevant, your schedule C loss this year must exceed your other W2 and self-employment income this year, with other tests also applied. Perhaps a really aggressive accountant would advise otherwise (and remember, I am not an accountant), but I would take the lumps and move on.",Direct,0.0,1.0,1.0,1.0,0.5266262292861938,0.16541353383458646,0.24685138539042822,11.050679206848145,False
hybrid,616,How does a Value Added Tax (VAT) differ from a Sales Tax?,"A Value Added Tax (VAT) differs from a Sales Tax in how the tax is collected. With a Sales Tax, the tax is charged at the point of purchase, meaning consumers pay the tax directly when buying goods or services. In contrast, a VAT is assessed during the production process. This means that each business in the supply chain pays tax on the value it adds to the product before passing","Sales taxes are charged at the point of purchase, while a VAT is assessed during the production process of the item. In the end, the amount paid by the consumer is the same, but with the VAT, the tax was collected from the manufacturer, instead of the consumer. One of the big arguments for VAT is that it prevents lost revenue due to things like smuggling (if sales tax increases past 10% smuggling spikes, so the VAT is a good mechanism if you're looking to implement large taxes on goods). It also keeps the tax burden away from shippers and other tiers of the production process that don't change the intrinsic value of the item.",Direct,0.0,1.0,1.0,1.0,0.8499371409416199,0.25531914893617025,0.4148936170212766,11.125493288040161,False
hybrid,618,Self-directed RRSP into mortgage investment,"Using a self-directed RRSP to invest in a mortgage, including one for yourself, is a complex strategy that involves significant risks and should be carefully considered. According to the context provided, if you have $100,000 in your RRSP and a remaining mortgage of $100,000, you could theoretically use the RRSP funds to pay off the mortgage and","The Globe and Mail has an interesting article on what you can do with your RRSPs. Be aware that the article is from early 2011 and rules change. They describe holding your own mortgage inside your RRSP. That is, if you have $100,000 inside your RRSP already and your remaining mortgage is $100,000, you can use that money to pay off your mortgage, then pay back the money at interest, generating a tax-deferred profit inside your RRSP. That approach may be viable, though you'd want to talk to your accountant first. I'd be very cautious about loaning money to someone else for a second mortgage using my RRSP, though. Second mortgages are inherently risky, so this is a very speculative investment. Once you make an RRSP contribution, that space is used up (barring a couple of exceptions such as the life-long learning plan). So, let's say you used $100,000 of your RRSP to loan to someone for a second mortgage. Any interest payments should be sheltered inside the RRSP (substantial benefit), but if the person defaults on the second mortgage (which you should expect to be a significant possibility), you've lost your entire $100,000 contribution room (as well as, obviously, the $100,000 that you loaned out). I can't tell you whether or not it makes sense to invest in risky second-mortgage loans and I can't tell you whether, if you choose to do so, it definitely should be done inside an RRSP. There are substantial risks in the loan and there are both costs and benefits to doing so inside an RRSP. Hopefully, though, I've helped you understand the questions you should be asking yourself.",Direct,0.0,1.0,1.0,1.0,0.723039984703064,0.13142857142857145,0.26011560693641617,10.621050596237183,False
hybrid,662,Landlord Tax Relief Changes UK,"The landlord tax relief changes in the UK, as mentioned in the context, significantly impact private landlords with mortgages. These changes can lead to a substantial increase in the effective tax rate for private landlords, potentially from 18% to 67% by 2020, according to an example cited. Corporate landlords, however, are not affected by these changes. The changes are part of","""This article on the landlord website Property118.com shows a simple example, demonstrating that a private landlord with a mortgage could see a huge jump in their effective tax rate (in this case, from 18% to 67% by 2020), while a corporate landlord will see no change at all. There's also a link in that article to a detailed report which is highly critical of the tax changes. The government obviously take a different view! (See here for more worked examples of how the tax changes will be applied). More information can be found on this on various landlord sites. A key phrase to look for is """"section 24"""", referring to the section of the Finance (No. 2) Act 2015 which implements the change. Note that this change only applies to private landlords (i.e. those who own a property personally, rather than through a company), and who have a mortgage on the property, and who (after the new calculations) are higher or additional rate taxpayers.""",Direct,0.0,1.0,1.0,1.0,0.8349852561950684,0.2017543859649123,0.2982456140350877,11.027771472930908,False
hybrid,665,Do I live in a state for tax purposes if my permanent home is in another state?,"Whether you live in a state for tax purposes depends on your state residency status, which is determined by where you maintain your primary residence and your place of domicile. In the given context, it seems you have lived in both New York and New Jersey, and currently reside in New York while maintaining a domicile in New Jersey. For tax years 2013 and possibly 2014,","You're most likely required to file in both for 2013 - since you've lived in both. From 2014 and on you're definitely a NY resident (since you're renting a place there and live there), and you may very well continue being NJ resident (since you're essentially continue being domiciled there). I suggest talking to a EA/CPA licensed in NY and NJ to try and see what you can do to avoid being resident in both the states, or see if it is at all an issue other than filing everything double.",Direct,0.0,1.0,1.0,1.0,0.689867377281189,0.16049382716049382,0.294478527607362,10.164478540420532,False
hybrid,667,Would I need to keep track of 1099s?,"Yes, you would need to keep track of 1099s if you pay any individuals or entities $600 or more during the year. This is because you are required to issue a 1099 form to them so they can file their taxes.","You have to file and issue each one of them a 1099 if you are paying them $600 or more for the year. Because you need to issue a 1099 to them (so they can file their own taxes), I don't think there's a way that you could just combine all of them. Additionally, you may want to make sure that you are properly classifying these people as contractors in case they should be employees.",Direct,0.0,1.0,1.0,1.0,0.5992772579193115,0.44067796610169496,0.44067796610169496,8.536748170852661,False
hybrid,668,Receiving important daily wires from abroad?,"Receiving important daily wires from abroad would typically involve a reliable and secure banking system. Given the context provided, the Clearing House Interbank Payments System (CHIPS) or the Fedwire system would be appropriate for handling such transactions in the United States. These systems are designed to handle large-value and time-critical transfers securely.","You can receive all the Money in your Bank. By Problem if you mean whether it will raise any alarms at the Bank. Most likely yes, such kind of activity would trigger AML. Bank would flag this off to regulators and questions would be asked. If you are doing a Legitimate business, its not an issue. Maintain a proper record of the transaction and pay your taxes. As funds are large 80 K a month, it makes sense to seek to advice of a Laywer and CA to help you keep thing in order.",Direct,0.0,0.0,0.0,0.0,0.4102409780025482,0.12162162162162161,0.1780821917808219,8.94466495513916,False
hybrid,678,"Loan to S-Corp cannot be paid back, how to deduct from personal taxes?","If a loan to an S-Corp cannot be paid back, the situation becomes more complex from a tax perspective. Generally, loans to an S-Corp are treated as a loan to a partnership or corporation. If the loan is not repaid, it may be considered a distribution of profits to the lender (the shareholder), which could be subject to self-employment tax and ordinary income tax depending on","Once the business is shut down, you'll need to show that the corporation is in bankruptcy and the amounts are unrecoverable. You can then report it as investment loss. I suggest talking to a tax adviser (EA/CPA licensed in your State), and maybe an attorney, on what the specific technical details are.",Direct,0.0,0.0,0.0,0.0,0.4301609396934509,0.14634146341463414,0.26666666666666666,10.59916377067566,False
hybrid,711,Loan to son - how to get it back,"To ensure the son can get the money back over time while also benefiting financially, the advice suggests having him put the current payment amount into a savings plan rather than directly paying a debt. This way, the son continues to make regular contributions, which accumulate over time. By encouraging him to save, you help him build wealth and avoid the issue of still being in debt after many years of minimum payments.",Seems fair.  I think this is a real subjective thing.  Financially lets get rid of that line before interest rates get too high.  Maybe have him pay you the $200 he is paying towards the interest each month.,Direct,0.0,0.46927872602275644,1.0,0.16666666666666666,0.505422055721283,0.10810810810810811,0.18018018018018017,11.47966980934143,False
hybrid,727,us citizen receiving bank transfer from foreign boyfriend,"If a U.S. citizen is receiving a bank transfer from a foreign boyfriend, the process would work as follows:

1. **Initiation**: The foreign boyfriend would approach his bank to initiate the transfer.
2. **Details Provided**: He would provide the necessary details including the U.S. recipient's name, U.S. bank routing number, and account number.
3. **Sending Bank**: The","No, any gifts you receive are not taxable to you. In fact, losing money in a scam (as this sure sounds like to me) can even be tax-deductible if you lose enough! I wouldn't recommend accepting anything. Usually people with millions are dollars are capable of setting up their own bank accounts.",Direct,0.0,0.0,0.0,0.0,0.1909879893064499,0.10434782608695653,0.08771929824561403,11.075561046600342,False
hybrid,745,Can I pay estimated taxes based on last year's taxes if I anticipate more income this year?,"Based on the information provided, you cannot simply use last year's taxes to estimate this year's taxes if you anticipate more income. The IRS requires that you estimate taxes based on current year projections, not past years' figures. Specifically, you must meet one of two conditions to pay estimated taxes:

1. You expect to owe at least $1,000 in tax for 201","You're interpreting this correctly. Furthermore, if your total tax liability is less than $1000, you can not pay estimates at all, just pay at the tax day. See this safe harbor rule in the IRS publication 17: General rule.    In most cases, you must pay estimated tax for 2016 if   both of the following apply. You expect to owe at least $1,000 in tax for 2016, after subtracting your withholding and refundable credits. You expect your withholding plus your refundable credits to be less than the smaller of: 90% of the tax to be shown on your 2016 tax return, or 100% of the tax shown on your 2015 tax return (but see Special rules for farmers, fishermen, and higher income taxpayers , later).   Your 2015 tax return must cover all 12 months.",Direct,0.0,1.0,1.0,1.0,0.7067618370056152,0.22110552763819094,0.30150753768844224,11.582618951797485,False
hybrid,752,Are services provided to Google employees taxed as income or in any way?,"Services provided to Google employees, such as the day care center and subsidized cafeteria, are generally not taxed as income if certain conditions are met. These services are considered ""fringe benefits"" and can be provided tax-free if they meet the criteria for de minimis fringe benefits or if the direct costs (food and labor) are charged to the employees. For example, the cost of food and labor for","""These services and other employee perks are referred to as fringe benefits. An employee """"fringe benefit"""" is a form of pay other than money for the   performance of services by employees. Any fringe benefit provided to   an employee is taxable income for that person unless the tax law   specifically excludes it from taxation. One example of taxable fringe benefit is award/prize money (to prevent someone from """"winning"""" most of their salary tax-free.) Cash awards are taxable unless given to charity.   Non-cash awards are taxable unless nominal in value or given to   charity. A less intuitive example is clothing. Clothing given to employees that is suitable for street wear   is a taxable fringe benefit. Your example possibly fits under de minims (low-cost) fringe benefits such as low-value birthday or holiday    gifts, event tickets, traditional awards (such as a retirement gift),   other special occasion gifts, and coffee and soft drinks working condition fringe benefits--that is, property and services   provided to an employee so that the employee can perform his or her   job. Note that """"cafeteria plans"""" in the source don't refer to cafeteria but allow employee choice between benefit options available.""",Direct,0.0,1.0,1.0,0.375,0.6394832134246826,0.15094339622641512,0.29343629343629346,11.03742790222168,False
hybrid,786,Why don't banks print their own paper money / bank notes?,"Banks don't print their own paper money/banknotes because control over the money supply is important for managing monetary policy. If commercial banks were allowed to print money, there would be no control over the amount of currency in circulation, which could lead to inflation or other economic instability. Since governments now want to control monetary policy, they prefer to issue currency directly rather than relying on banks to act as","There is absolutely no logical reason why each nation does not own and control banking and thus the supply of money.  Any system including the financial system works exactly the same way, regardless of ownership.  Banking depends solely on the confidence of the customers/investors. Therefore when a sovereign nation/state has ownership of the banks, the profits are kept in-house, within the nation, which is actually a bonus, and taxes can be off-set by profits, which is another benefit.  Any improvement or benefit by the private ownership of banking is a total myth.",Direct,0.0,1.0,1.0,0.42857142857142855,0.5249061584472656,0.13095238095238096,0.1807228915662651,9.351815462112427,False
hybrid,796,US tax - effectively connected income,"US tax - effectively connected income (ECI) applies to non-resident aliens who are engaged in trade or business in the United States. To be considered engaged in a trade or business in the US, one must either be present in the US or own a business or property there. Non-immigrants on F, J, M, or Q visas while temporarily present in the US are considered engaged in","""ECI is relevant to non-resident aliens who are engaged in trade or business in the US. For that, you have to be present in the US, to begin with, or to own a business or property in the US. So the people to whom it is relevant are non-resident aliens in the US or business/property owners, not foreign contractors.  From the IRS: The following categories of income are usually considered to be   connected with a trade or business in the United States. You are considered to be engaged in a trade or business in the United States if you are temporarily present in the United States as a   nonimmigrant on an """"F,"""" """"J,"""" """"M,"""" or """"Q"""" visa. The taxable part of any   U.S. source scholarship or fellowship grant received by a nonimmigrant   in """"F,"""" """"J,"""" """"M,"""" or """"Q"""" status is treated as effectively connected   with a trade or business in the United States. If you are a member of a partnership that at any time during the tax year is engaged in a trade or business in the United States, you   are considered to be engaged in a trade or business in the United   States. You usually are engaged in a U.S. trade or business when you perform personal services in the United States. If you own and operate a business in the United States selling services, products, or merchandise, you are, with certain exceptions,   engaged in a trade or business in the United States. For example,   profit from the sale in the United States of inventory property   purchased either in this country or in a foreign country is   effectively connected trade or business income. Gains and losses from the sale or exchange of U.S. real property interests (whether or not they are capital assets) are taxed as if you   are engaged in a trade or business in the United States. You must   treat the gain or loss as effectively connected with that trade or   business. Income from the rental of real property may be treated as ECI if the taxpayer elects to do so.""",Direct,0.0,1.0,1.0,1.0,0.8452600836753845,0.20525059665871123,0.28846153846153844,11.468478918075562,False
hybrid,800,How does a “minimum number of items to be bought” factor into break even analysis?,"A ""minimum number of items to be bought"" factors into break-even analysis by requiring the purchase to be rounded up to the nearest specified quantity. For instance, if the minimum purchase quantity is 100, any calculation resulting in a lower number than 100 must be rounded up to 100. This ensures that the business meets its minimum order requirement. If the calculation results","A minimum purchase quantity just means that you need to round your result up to the nearest 100. In your example it comes out evenly. If we look at an example where it doesn't come out even, you'd round up: And round that up to 700 due to purchase quantities. For a slightly more complex and accurate approach, you'd then evaluate how many of the extras you had to buy due to the minimum purchase quantity would need to be sold: So you'd have to sell 694 of the 700 purchased to break even.",Direct,0.0,1.0,1.0,1.0,0.7034808993339539,0.22222222222222224,0.3229813664596274,10.62699580192566,False
hybrid,806,Trying to understand Return on Capital (Joel Greenblatt's Magic Formula version),"In Joel Greenblatt's Magic Formula, the key metric is Return on Capital (ROC), which measures how effectively a company uses its capital to generate earnings. The context provided discusses how excess working capital can negatively impact ROC, while current liabilities in excess of current assets can positively affect it, though the latter is noted as problematic.

The core issue here is understanding how to correctly calculate the components of ROC","I've spent enough time researching this question where I feel  comfortable enough providing an answer.  I'll start with the high level fundamentals and work my way down to the specific question that I had. So point #5 is really the starting point for my answer. We want to find companies that are investing their money.  A good company should be reinvesting most of its excess assets so that it can make more money off of them. If a company has too much working capital, then it is not being efficiently reinvested.  That explains why excess working capital can have a negative impact on Return on Capital. But what about the fact that current liabilities in excess of current assets has a positive impact on the Return on Capital calculation?  That is a problem, period.  If current liabilities exceed current assets then the company may have a hard time meeting their short term financial obligations. This could mean borrowing more money, or it could mean something worse - like bankruptcy.  If the company borrows money, then it will have to repay it in the future at higher costs.  This approach could be fine if the company can invest money at a rate of return exceeding the cost of their debt, but to favor debt in the Return on Capital calculation is wrong. That scenario would skew the metric. The company has to overcome this debt. Anyways, this is my understanding, as the amateur investor. My credibility is not even comparable to Greenblatt's credibility, so I have no business calling any part of his calculation wrong. But, in defense of my explanation, Greenblatt doesn't get into these gritty details so I don't know that he allowed current liabilities in excess of current assets to have a positive impact on his Return on Capital calculation.",Direct,0.0,0.6131471927654584,1.0,0.5,0.551843523979187,0.15384615384615385,0.20105820105820105,11.619585990905762,False
hybrid,814,Record retention requirements for individuals in the U.S.?,"For individuals in the U.S., the record retention requirements generally are 3 to 6 years, according to IRS Publication 552. This applies to proof of income, bank statements, and old tax returns. For property-related records, they should be kept for 3 to 6 years after disposing of the property.","Here is an IRS Publication 552 covering records retention The publication covers many areas, including proof of income, bank statements, old tax returns. There is a table that talks about how long to keep the records. In general it is 3 to 6 years. But for property it is 3 to 6 years after you dispose of the property.",Direct,0.0,0.6131471927654584,1.0,0.5,0.9220904111862183,0.4,0.5504587155963302,9.415412425994873,False
hybrid,837,Pay Yourself With Credit Card Make Money With Cash Back [duplicate],"Using a credit card to pay yourself and earn cash back rewards can be a way to make money, but it involves understanding the two-stage payment process and potential refund delays. When you make a purchase with a credit card, the transaction is initially authorized but not settled immediately. The money is set aside by the issuing bank but not yet transferred to the merchant. This authorization appears as a pending charge on your","This is basically a form of credit card kiting, it's not necessarily illegal but it can be. It is, however, against the TOS in pretty much every merchant agreement (including Paypal and Square), so you'd most likely have your account suspended, and the merchant could pursue legal action if they felt they could prove intent to deceive. It's not practical given actual fee structures, but even if it were, most merchants are quite good at detecting this sort of thing and quick to shut down accounts.",Direct,0.0,0.38685280723454163,0.5,0.5,0.5279905796051025,0.17073170731707316,0.26993865030674846,10.601027965545654,False
hybrid,838,Need your help and suggestion,"Based on the context provided, here are some suggestions:

1. **Budgeting**: Start by creating a detailed monthly budget that covers all your expenses and income. Ensure your income equals your expenses, and include discretionary spending like a $1200 trip to the city.

2. **Debt Management**: Be proactive about managing debts. Consider discussing with your son about forgiving certain debts in exchange for","How much amount can we transfer from India to the USA? Is the limit per year? As I understand your father in law is Indian Citizen and his tax paid earnings need to be transferred outside of India. Under the Liberalized Remittance Scheme by RBI, one can transfer upto 2,50,000 USD. Please check with your Bank for the exact paperwork. A form 15CA and 15CB [by CA] are required to establish taxes have been paid. What documents we have to present to the bank? See above. Should money be transferred to company's account(Indian Company) to USA company? or can be transferred to my husband's account. Transfer of funds by a Indian Company to US Company has some restrictions. Please check with CA for details. If you father in law has sold the Indian Company and paid the taxes in India; he can transfer the proceeds to his son in US as per the Liberalized Remittance Scheme. Can they just gift the whole amount to my husband? What will be the tax implication on my husband's part in USA and on my father in law in India. The whole amount can be gifted by your father in law to your husband [his son]. There is no tax implication in India as being an Indian resident, gift between close relatives is tax free. There is no tax implication to your husband as he is a US Citizen and as per gift tax the person giving the gift should be paying the applicable taxes. Since the person gifting is not US Citizen; this is not applicable.",Direct,0.0,0.0,0.0,0.0,0.21413803100585938,0.07250755287009063,0.1268882175226586,11.476192712783813,False
hybrid,868,"Employer no longer withholds, how do I self administer 401k","If your employer no longer withholds contributions for your 401(k) and you are no longer employed by them, you cannot contribute to their 401(k) plan. However, since you mentioned being self-employed, you might consider setting up a Solo 401(k) instead. As a self-employed individual, you can establish a Solo 401(k) which","You can't be doing it yourself. Only your employer can do it. If the employer doesn't provide the option - switch employers. The only way for you to do it yourself is if you're the employer, i.e.: self-employed.",Direct,0.0,0.5,0.3333333333333333,1.0,0.3960897922515869,0.18181818181818182,0.20618556701030927,10.116626262664795,False
hybrid,946,How does a public company turn shares into cash?,"A public company turns shares into cash through various means such as selling those shares on the stock market. When a company goes public via an IPO (Initial Public Offering), an investment bank typically underwrites the shares, meaning they buy the shares from the company and sell them to investors. The company receives the proceeds from the sale of these shares, which are deposited into the company’s bank account, allowing the","how do they turn shares into cash that they can then use to grow their business? Once a Company issues an IPO or Follow-On Public Offer, the company gets the Money. Going over the list of question tagged IPO would help you with basics. Specifically the below questions; How does a company get money by going public in an IPO? Why would a company care about the price of its own shares in the stock market? Why would a stock opening price differ from the offering price?  From what I've read so far, it seems that pre-IPO an investment bank essentially buys the companies public shares, and that bank then sells them on the open market. Is the investment bank buying 100% of the newly issued public shares? And then depositing the cash equivalent into the companies bank account? Additionally, as the stock price rises and falls over the lifetime of the company how does that actually impact the companies bank balance? Quite a bit on above is incorrect. Please read the answers to the question tagged IPO. Once an IPO is over, the company does not gain anything directly from the change in shareprice. There is indirect gain / loss.",Direct,0.0,1.0,1.0,1.0,0.8544909954071045,0.23272727272727273,0.3296703296703297,10.634736776351929,False
hybrid,1003,The difference between Islamic Banks and Western Banks,"The difference between Islamic Banks and Western Banks lies primarily in their adherence to Shariah law principles, particularly regarding the prohibition of usury (riba), which is seen as exploitative and unfair. Islamic banks operate under a set of rules that aim to eliminate interest and instead use profit-sharing and risk-sharing mechanisms.

Key differences include:

1. **Interest vs. Profit-Sharing**: Islamic banks avoid charging interest","""To answer your first part, its not an opposition to profit. It's an opposition to usury - the practice of charging excessive interest on loans. There are extensive passages in the Qur'an condemning the practice, and in many cases """"excessive interest"""" is any interest. To the second part of the question, these may well be more risky investments. But if you're trying to build a strong and thriving community financial spirit, one might expect there to be significant social pressures to use the loaned money responsibly. Additionally, while it removes some of the penalty for failure, it doesn't remove the rewards for success. The incentive is still there to succeed. It's merely the penalty for failure is no longer financial ruination. It may also temper the incentive for banks to give money to riskier borrowers, but rather to prudently invest in ventures with an acceptable amount of risk. The question as to whether or not this is a """"house of cards"""" likely depends on the questioner. Whether or not this is also true for the western banking system likely remains to be seen, but it hasn't exactly been doing a sterling job of convincing me it isn't true for the past decade.""",Direct,0.0,0.7039180890341347,1.0,0.6666666666666666,0.602797269821167,0.08029197080291971,0.15441176470588233,10.22455358505249,False
hybrid,1031,How to get information about historical stock option prices for a defunct company?,"To get information about historical stock option prices for a defunct company, you can start by searching through Google scanned newspaper archives. However, since exact date searches might not be available, you may need to browse and experiment with different dates to find relevant information. Additionally, if the event occurred more recently, your full-service or even some discount brokers might provide this information for free or at a lower cost.","""Though you're looking to repeat this review with multiple securities and events at different times, I've taken liberty in assuming you are not looking to conduct backtests with hundreds of events.  I've answered below assuming it's an ad hoc review for a single event pertaining to one security. Had the event occurred more recently, your full-service broker could often get it for you for free.  Even some discount brokers will offer it so.  If the stock and its options were actively traded, you can request """"time and sales,"""" or """"TNS,"""" data for the dates you have in mind.  If not active, then request """"time and quotes,"""" or """"TNQ"""" data. If the event happened long ago, as seems to be the case, then your choices become much more limited and possibly costly.  Below are some suggestions: Wall Street Journal and Investors' Business Daily print copies have daily stock options trading data.  They are best for trading data on actively traded options.  Since the event sounds like it was a major one for the company, it may have been actively traded that day and hence reported in the papers' listings.  Some of the print pages have been digitized; otherwise you'll need to review the archived printed copies. Bloomberg has these data and access to them will depend on whether the account you use has that particular subscription.  I've used it to get detailed equity trading data on defunct and delisted companies on specific dates and times and for and futures trading data.  If you don't have personal access to Bloomberg, as many do not, you can try to request access from a public, commercial or business school library. The stock options exchanges sell their data; some strictly to resellers and others to anyone willing to pay.  If you know which exchange(s) the options traded on, you can contact the exchange's market data services department and request TNS and / or TNQ data and a list of resellers, as the resellers may be cheaper for single queries.""",Direct,0.0,0.6309297535714575,0.5,1.0,0.5284661054611206,0.10144927536231885,0.1941747572815534,10.689542293548584,False
hybrid,1043,What should I consider when I try to invest my money today for a larger immediate income stream that will secure my retirement?,"When trying to invest your money today for a larger immediate income stream that will secure your retirement, consider the following:

1. **Start Early and Save Often**: Given you are only 35, you have a significant amount of time to grow your wealth. Starting early allows compound interest to work in your favor.

2. **Low-Cost Investments**: Invest in low-cost options such as target retirement","""I don't think you should mix the two notions.  Not starting out with at least.  It takes so much money, time and expertise to invest for income that, starting out at least, you should view it as a goal, not a starting point. Save your money in the lowest cost investments you can find.  If you are like me, you can't pick a stock from a bond, so put your money into a target retirement fund.  Let the experts manage the risk and portfolio.  Start early and save often!  At only 35 you have lots of time. Perhaps you are really into finance, in which case you might somebody manage your own portfolio.  Great, but for now, let an expert do the heavy lifting. You are an app developer.  Your best bet to increase your income stream with via your knowledge and expertise.  While you are still so young, you should use labor to make money, and then save that money for retirement.  I am going to make an assumption that where you are will software development means you can become a great developer long before you can become a great financier.  Play to your strengths. I am also afraid you are over estimating how comfortable you are with risk.  Any """"investment"""" that has the kinds of returns you are looking for is going to be wildly risky.  I would say those types of opportunities are more """"speculation"""" rather than """"investments.""""  There isn't necessarily anything wrong with speculations, but know the difference in risk.  Are you really willing to gamble your retirement?""",Direct,0.0,0.7653606369886217,1.0,0.5,0.6249986886978149,0.16314199395770393,0.23100303951367782,11.458945751190186,False
hybrid,1055,How do online referal systems work?,"The context provided does not contain information about online referral systems. The given documents discuss Edgar Online, stock screeners, and accounting services, but do not mention referral systems. Therefore, based solely on the provided context, I cannot answer how online referral systems work. If you could provide additional relevant information or context about online referral systems, I would be able to give a more accurate answer.","""Yeah, I'll take the challenge...:) How trustworthy these are and what are their sources of income? These are in fact two separate questions, but the answers are related. How trustworthy? As trustworthy as they're clear about their own sources of income. If you cannot find any clue as to why, what for and how they're paying you - you probably should walk away. What's too good to be true usually is indeed too good to be true. For those of the sites that I know of their sources of income, it is usually advertisements and surveys. To get paid, you have to watch advertisements and/or answer surveys. I know of some sites who are legit, and pay people (not money, but gift cards, airline miles, etc) for participating in surveys. My own HMO (Kaiser in California) in fact pays (small amounts) to members who participate in enough surveys, so its legit. Are these sites worthwhile to consider for extra income? Not something you could live off, but definitely can get you enough gift cards for your weekly trip to Starbucks. What do I need to consider tax wise? Usually the amounts are very low, and are not paid in cash. While it is income, I doubt the IRS will chase you if you don't report the $20 Amazon gift card you got from there. It should, strictly speaking, be reported (probably as hobby income) on your tax return. Most people don't bother dealing with such small amounts though. In some cases (like the HMO I mentioned), its basically a rebate of the money paid (you pay your copays, deductibles etc. Since the surveys are only for members, you basically get your money back, not additional income). This is in fact similar to credit card rebates. Is there a best practice for handling the income? If we're talking about significant amounts (more than $20-30 a year), then you need to keep track of the income and related expenses, and report it as any other business income on your taxes, Schedule C. Is there a good test to determine what is and isn't a scam? As I said - if it looks too good to be true - it most likely is. If you're required to provide your personal/financial information without any explanation as to why, what it will be used for, and why and what for you're going to be paid - I'd walk away. Otherwise, you can also check Internet reviews, BBB ratings, FTC information and the relevant state agencies and consumer watchdogs (for example: http://www.scamadviser.com) whether they've heard of that particular site, and what is the information they have on it. A very good sign for a scam is contact information. Do they have a phone number to call to? Is it in your own country? If its not in your own country - definitely go away (for example the original link that was in the question pointed to a service whose phone number is in the UK, but listed address is in Los Angeles, CA. A clear sign of a scam). If they do have a phone number - try it, talk to them, call several times and see how many different people you're going to talk to. If its always the same person - run and hide. Do they have an address? If not - walk away. If they do - look it up. Is it a PMB/POB? A """"virtual"""" office? Or do they have a proper office set up, which you can see on the map and in the listings as their office? And of course your guts. If your guts tell you its a scam - it very likely is.""",Direct,0.0,0.5,0.3333333333333333,1.0,0.250575989484787,0.0492040520984081,0.08285714285714285,9.638025760650635,False
hybrid,1084,Insurance for a house which is not homeowners insurance?,"Insurance for a house which is not homeowners insurance would be vacant home insurance or a bespoke insurance policy. In the context provided, it mentions that standard homeowners policies often exclude vacant homes due to increased risks like break-ins and vandalism. Therefore, specific coverage for a vacant home would fall under ""vacant home insurance."" Additionally, if the risk or the item being protected is unusual or not typically covered by standard","""What you need will depend on a number of factors that aren't clear from the question. This coverage is simply called """"Vacant home insurance"""", but not all companies are willing to offer this coverage. Unfortunately, in New York, insurers can also legally drop your standard homeowners' coverage if they become aware that your property has become vacant for 30 days or more. The Insurer's Concerns Typically, a """"standard"""" homeowners policy will have an exclusion clause for vacant homes. The insurance company's concern is that without someone in the home, they will be at risk for break-ins, squatters and vandalism. If you've ever seen """"Flip Men"""" on Spike, you'll know this is a serious concern (great show, by the way). They will use a risk model to calculate an estimated risk for the property (this is why a seasonal vacation home in a sparsely-populated area is often less of a concern than a family home in an urban area). If they estimate the risk to be low, some insurance companies will allow to you buy back that exclusion so that vacant properties are covered. In your case, they have probably decided that either: Your Options First, you need to find a company that is comfortable with taking on the extra risk of a vacant home. This will vary quite a bit by location, but the main ones are Farmer's (they use the Foremost brand name in New York) and Castle Rock. There are lots of insurance agencies that also advertise these products, but most of them are middlemen and use one of these two companies to actually write the coverage. Additionally, since this is a specialty policy, make sure you understand all of the details of the policy, and how they vary from a regular policy including: How to Reduce your Premium costs These are general tips from the Murray Group's website (an independent broker in NY) on how to lower the additional cost of vacant coverage: This may sound expensive, but these steps will all reduce the risk of something really bad happening when you're not there. Additionally, do you know anyone you completely trust (relative, unemployed friend) that might want to live in your old house rent-free for a while? This could work out for you if they are willing to keep the place 100% clean around the clock so that you can show the house at any time. If you have additional/specific questions, you should be able to find an independent insurance broker in your area that would be willing to advise you on your specific situation for a flat fee. Best of luck with getting the home covered and sold quickly!""",Direct,0.0,1.0,1.0,1.0,0.7289340496063232,0.10984848484848485,0.18702290076335876,11.172563552856445,False
hybrid,1100,Combined annual contribution limits for individuals [duplicate],"Combined annual contribution limits for individuals for 2015, 2016, and 2017 to all of their traditional and Roth IRAs cannot exceed $5,500. There are also limits once you reach higher levels of income.","You're correct about the 401(k). Your employer's contributions don't count toward the $18k limit. You're incorrect about the IRAs though. You can contribute a maximum of $5500 total across IRA and Roth IRA, not $5500 to each. There are also limits once you reach higher levels of income. from IRS.gov: Retirement Topics - IRA Contribution Limits: For 2015, 2016, and 2017, your total contributions to all of your traditional and Roth IRAs cannot be more than:",Direct,0.0,0.9197207891481876,1.0,1.0,0.7515469789505005,0.29565217391304344,0.4482758620689655,8.090965270996094,False
hybrid,1107,What are stock indexed funds and how do they lower taxes?,"Stock indexed funds, also known as index funds, are investment vehicles designed to track the performance of a specific market index, such as the S&P 500. These funds hold a portfolio of stocks that mirror the composition of the index they are tracking. Index funds aim to provide returns similar to the overall market or a specific segment of the market, rather than trying to beat the market through active","""who computes the S&P 500? Standard and Poor's. Why are they sharing this information and Because that's what they do. This is a financial research company. how do they recuperate the costs inherent in computing the S&P 500? By charging clients for other information. The computing of the index itself is not all that complicated, its coming up with the index that's a problem. Once they've come up with the formula, and it became widely accepted, the computation itself is not an issue. But the fact that its so popular leads to the S&P brand recognition, and people come and pay good money for their other services (ratings and financial analysis of securities). They do more work for free. For example, the ratings of various government debts are being done by S&P for free (governments don't pay for that), while private bonds are rated for a fee (corporations pay to have their bonds rated). Also, as noted by JBKing, there are probably some licensing fees for using the index name in the fund name (and other users are probably paying the licensing fee, like the news agencies and the exchanges). S&P500 is a registered trademark, and as such cannot be used without the owner's permission. Why is then """"active management"""" not required for indexed funds Because no research and stock picking is required. In fact, these funds don't really require a manager, they can be managed by a simple script. and how does it lower taxes? (perhaps this could be a different   question if this has become too broad) Actively managed funds perform a lot more buy/sell operations, each leading to tax consequences to the fund (which rolls them over to the investors). Index funds only buy and sell to re-balance back to the index (or when the makeup of the index changes, usually once a year or half a year), leading to much lesser realized capital gains to the fund, thus much lesser tax consequences.""",Direct,0.0,1.0,1.0,1.0,0.5082302093505859,0.12652068126520682,0.20487804878048782,11.147116422653198,False
hybrid,1112,"When amending a tax return to include a futures loss carry back, are you not allowed to include a Schedule C?","No, you are not prevented from including both a futures loss carryback and a Schedule C amendment in the same tax return. You can make all necessary changes in a single amended return, provided you attach a statement explaining each change. The guidance suggests that separating them might be a strategy to avoid rejection of the entire amendment by the IRS, but it is not a requirement.","Is it true that you cannot amend a tax return to include both a   futures loss carry back and a Schedule C at the same time? No, it is not true. You can include all the changes necessary in a single amended return, attaching statement explaining each of the changes. However you're talking about two different kinds of changes. Futures loss carryback is a Sec. 1212 carryback and not a correction of an error. Adding Schedule C would be a correction of an error. I'm guessing your CPA wants to separate the two kinds to avoid the situation where the IRS refuses to accept your correction of an error and by the way also doesn't accept the Sec. 1212 carryback on the same return. Or the CPA just wants to charge you twice for amendments.",Direct,0.0,1.0,1.0,1.0,0.8449088335037231,0.3219512195121951,0.44878048780487806,11.083645105361938,False
hybrid,1131,Do I qualify for a personal 401-K Plan?,"Based on the information provided, to qualify for a personal 401(k) plan, you need to meet two eligibility requirements:

1. You must have self-employment activity.
2. You must not have full-time employees.

Additionally, if you are self-employed and do not have any full-time employees, you might be eligible to set up a Solo 401(k) plan,","""I'm not a tax lawyer, but from what I can tell it looks like you'd be eligible to use your contractor income to fund a Solo 401(k).  http://www.irafinancialgroup.com/whatissolo401k.php """"To access these benefits an investor must meet two eligibility requirements: The presence of self employment activity. The absence of full-time employees."""" And from the IRS itself (http://www.irs.gov/pub/irs-tege/forum08_401k.pdf)""",Direct,0.0,0.6309297535714575,0.5,1.0,0.6314371228218079,0.23703703703703705,0.34375,10.382279634475708,False
hybrid,1141,Considerations for holding short-term reserves?,"Considerations for holding short-term reserves include maintaining them in short-term investments to meet potential short-term needs. The amount should be adjusted based on the likelihood of needing the reserves. Long-term asset variability often exceeds the need for reserves, making it risky to invest highly liquid reserves in volatile assets. For instance, substituting nearly zero-yielding one-month bonds with stocks expected to return 9% could lead","It is a dangerous policy not to have a balance across the terms of assets. Short term reserves should remain in short term investments because they are most likely needed in the short term.  The amount can be shaved according to the probability of their respective needs, but long term asset variance usually exceed the probability of needing to use reserves. For example, replacing one month bonds paying essentially nothing with stocks that should be expected to return 9% will expose oneself to a possible sudden 50% loss.  If cash is indeed so abundant that reserves can be doubled, this policy can be expected to be stable; however, cash is normally scarce.  It is a risky policy to place reserves that have a 20% chance of being 100% liquidated into investments that have a 20% chance of declining by approximately 50% just for a chance of an extra 9% annual return. Financial stability should always be of primary concern with rate of return secondary only after stability has been reasonably assured.",Direct,0.0,0.6131471927654584,1.0,0.5,0.8502004742622375,0.26556016597510373,0.2723404255319149,10.752929925918579,False
hybrid,1320,"As a total beginner, how do I begin to understand finance & stocks?","As a total beginner, understanding finance and stocks can seem overwhelming, but starting with the basics can make it much clearer. Here’s a step-by-step approach based on the context provided:

1. **Conceptual Understanding**:
   - **Ownership**: Understand that owning a stock means owning a small part of a business. Shares represent ownership in a company.
   - **Stock vs. Share**: These","How I understand it is: supply/demand affect price of stock   negatively/positively, respectively. Correct. Volume is the amount of buying/selling activity in these stocks (more   volume = more fluctuation, right?). Sort of.  Higher volume means higher liquidity.  That is, a stock that is traded more is easier to trade.  It doesn't necessarily mean more fluctuation and in the real world, it often means that these are well-understood stocks with a high amount of analyst coverage.  This tends towards these stocks not being as volatile as smaller stocks with less liquidity. Company revenue (and profit) will help an investor predict company   growth. That is one factor in a stock price.  There are certain stocks that you would buy without them making a profit because their future revenue looks potentially explosive.  However, these stocks are very risky and are bubble-prone. If you're starting out in the share market, it's generally a good idea to invest in index funds (I am not a broker, my advice should not be taken as financial advice).  These funds aggregate risk by holding a lot of different companies.  Also, statistics have shown that over time, buying and holding index funds long term tends to dramatically outperform other investment strategies, particularly for people with low amounts of capital.",Direct,0.0,0.7039180890341347,1.0,0.4,0.5174487829208374,0.10144927536231883,0.1824817518248175,11.54137897491455,False
hybrid,1325,How far do I go with a mortgage approval process when shopping around?,"When shopping around for a mortgage, it's important to be mindful of the number of hard inquiries on your credit report, as multiple applications within a short period can negatively impact your credit score. However, according to the context provided, 8 hard inquiries spread over two years is not considered a significant negative factor.

To answer your question directly: You should aim to complete the mortgage approval process efficiently while minimizing","As per my comments, I think this is up to you and how much work you want to put forth.  I do not feel it is trivial to provide documentation even with 90% of it will be the same among lenders. See this question: First answer, third and fourth paragraphs. You need to go as far as understanding the total cost of the loan, you probably need a good faith estimate.  I would also compare a minimum of three lenders.",Direct,0.0,0.0,0.0,0.0,0.38415050506591797,0.10526315789473685,0.25,11.726219892501831,False
hybrid,1370,Theory/Strategy for pricing by volume,"Theory/Strategy for pricing by volume involves setting prices that reflect both fixed and variable costs associated with different volumes of sales. The key elements include:

1. **Covering Fixed Costs**: Establish a base price that covers the fixed costs, which are expenses that do not vary with the level of production or sales. For instance, a minimum selling price per unit can be set to cover these costs, such","Actually, the rate of change could be more or less constant, but you might have a minimum price that represents your fixed costs.  So you might sell a milligram for $1 (which is ridiculous in terms of per-unit pricing) to cover fixed costs, and add $0.50/lb for each step in size to cover variable costs (cost of raw materials and packaging), so a 2lb bag would be $2, a 5lb bag would be $3.50, a ton would be $1,001, etc.  At the end of the day, you want the marginal revenue (the price that you charge for each additional pound) to be more than the marginal cost (the price per pound it takes to produce the bag).  Any amount over that goes towards your fixed costs - the cost you'd incur if you sold zero product (rent, utilities, overhead, etc.) It's not an exact science, and there are many variables that go into pricing.",Direct,0.0,0.6309297535714575,0.5,1.0,0.4813658893108368,0.1572052401746725,0.29694323144104806,11.110954284667969,False
hybrid,1408,Joint Account for Common Earnings,"For a joint account holding common earnings from a business owned by multiple individuals, especially if those individuals are minors, it's important to consider several factors:

1. **Account Structure**: Opening a business account rather than a personal joint account is advisable. This helps maintain proper business separation and avoids potential issues with personal finances.

2. **Legal Structure**: Ensure the business is properly structured as a partnership or LLC","Short Answer: Go to the bank and ask them about your options for opening a business account. Talk to an attorney about the paperwork and company structure and taxes. Long Answer: You and your buddies jointly own an unincorporated business. This is called a partnership. Yes, there is paperwork involved in doing it properly and the fact that you guys are minors might complicate that paperwork a little bit. In terms of what type of account to open: A business account! Running a business through a personal account (joint or otherwise) is a sure way to get that account shut down. Your bank will want to know the structure of the business, and will require documentation to support that. For a partnership, they will probably want a copy of the partnership agreement. For an LLC, they'll probably want a copy of the filing with Ohio Secretary of State as well as the operating agreement etc. That said, pop into a local bank and ask a business banker directly what you should do. They deal with new businesses all the time, and would probably be best qualified to help you figure out the bank account aspect of it. Regarding business structure... this really impacts a lot more than just the type of bank account to open and how you file your taxes. It is something you guys should really discuss with an attorney. What happens if down the road one of you quits? What happens if you want to bring in a new partner later?  What if there is a disagreement about something?  These are all things that the attorney can help you address ahead of time - which is a heck of a lot easier (and cheaper) than trying to figure it out later. You're brining in enough that you should certainly be able to buy a couple hours of a lawyer's time. Getting the formation stuff right could save all of you a lot of money and heartache later.",Direct,0.0,0.38685280723454163,0.5,0.5,0.5698342323303223,0.10972568578553617,0.18407960199004975,10.678128004074097,False
hybrid,1417,Market Cap lower than Shares Outstanding x Share Price?,"No, the market cap should never be lower than the product of shares outstanding multiplied by the share price. According to the definition provided in the context, market cap is calculated as shares outstanding multiplied by the share price. Therefore, if there is an error, it would indicate that either the shares outstanding figure, the share price, or both are incorrectly reported or interpreted. In the given context, it was","""You are comparing """"market caps"""" and """"enterprise value"""".  If the company has four billion dollars cash in the bank, then the value would be four billion plus whatever the business itself is worth as a business. If the business itself is only worth 400 million, then you would have 4.4bn market caps and 400 million enterprise value. The """"enterprise value"""" is basically how much the business would be worth if it had no cash or no debt.  These numbers would be a very unusual situation. It could happen for example if a big company has sold 90% of its business for cash. When you buy a share of the company, you get a tiny share of the business and you own a tiny share of the cash. This stock will very likely keep its value, but won't make much money.  On the other hand, more common would be a company where the business is worth 4bn, but the company has also 4bn debt. So it is worth exactly zero. Market caps close to zero, but enterprise value $4bn, because you ignore the debt in the enterprise value.  Edit: Sorry, got the """"enterprise value"""" totally wrong, read millions instead of billions: Your numbers would mean that you have a huge, huge company with close to 440bn debt. Most likely someone made a mistake here. A """"normal"""" situation would be say a company with a business that is worth $500 million, but they have $100 million debt, so market caps = $400 million but enterprise value = $500 million.  PS. Yahoo has the same nonsense numbers on their UK site, and for other companies (I just checked Marks and Spencer's which apparently has an enterprise value of 800 billion pound with a totally ridiculous P/E ratio.""",Direct,0.0,0.9197207891481876,1.0,1.0,0.42035549879074097,0.10382513661202185,0.16939890710382513,11.59093952178955,False
hybrid,1419,How can I invest in an index fund but screen out (remove) certain categories of socially irresponsible investments?,"To invest in an index fund while screening out certain categories of socially irresponsible investments, you can:

1. **Review Holdings**: Look at the holdings of index funds and choose those that meet your ethical criteria. This involves checking the list of companies the fund invests in to ensure they align with your values.

2. **Specific Industry-Focused Funds**: Select index funds that focus on specific industries where you","It would involve manual effort, but there is just a handful of exclusions,  buy the fund you want, plug into a tool like Morningstar Instant X Ray,  find out your $10k position includes $567.89 of defense contractor Lockheed Martin,  and sell short $567.89 of Lockheed Martin.  Check you're in sync periodically (the fund or index balance may change); when you sell the fund close your shorts too.",Direct,0.0,1.0,1.0,0.6,0.392485648393631,0.13043478260869565,0.23357664233576642,10.606769323348999,False
hybrid,1484,"If one owns 75% of company shares, does that mean that he would have to take upon himself 75% of the company's expenses?","No, owning 75% of company shares does not automatically mean the owner would have to take upon himself 75% of the company's expenses. This responsibility depends on the business entity structure. For a corporation, the owners (shareholders) are not directly responsible for the company's expenses; instead, the responsibility lies with the management of the company to manage and pay for these expenses from","Typically, no. Unless you have a detailed agreement spelling out the apportioning of costs, all operating expenses are deducted from gross income first, with the division of the proceeds coming out of net profit, in accordance with the type and % of shares you own, and per the terms of the shareholders agreement. This is a simplified answer, and does not address other methods of extraction, such as wages paid, loans to shareholders, interest paid on loans from shareholders, etc..",Direct,0.0,1.0,1.0,0.3333333333333333,0.5973482131958008,0.18055555555555555,0.3333333333333333,12.117784023284912,False
hybrid,1506,Someone asks you to co-sign a loan. How to reject & say “no” nicely or politely?,"Here’s a polite and honest way to reject the request while maintaining a positive relationship:

""Hey [Name], I really appreciate you thinking of me for this, but I think it's important we approach this differently. Co-signing a loan can be risky, and I don't want to put our friendship at risk by doing so. Instead, I’d love to help you find other ways to achieve","No, I don't mix business and personal affairs.",Direct,0.0,1.0,1.0,0.3,0.05852118879556656,0.0759493670886076,0.10256410256410256,11.152523517608643,False
hybrid,1548,How profitable is selling your customer base?,"Selling customer data is generally not very profitable for most companies. According to the context provided, the sellers typically only receive pennies for each piece of personal information, which makes such operations often a poor business decision due to the high reputation costs involved. The Financial Times' calculator further illustrates this point by showing that the revenue generated from selling personal data is minimal compared to the potential negative impact on a company","but what about non-identifying information like emails or even telephone numbers? Are you allowed to do this? Most countries have privacy laws that would explicitly forbid companies from selling data not just to other companies, but even to other divisions within the company without explicit approval from customer.  There are adequate regulatory controls that would stop companies from indulging in such practises. However tons of smaller / un-registered companies or companies operating from certain countries are definitely a source for such practises.",Direct,0.0,0.7653606369886217,1.0,0.6666666666666666,0.5109205842018127,0.12820512820512822,0.24675324675324675,10.130491256713867,False
hybrid,1554,Buying a truck to write off on taxes,"Buying a truck to write off on taxes would generally involve writing off the cost based on the percentage of use for business purposes. If the truck is primarily used for business, the full cost could potentially be written off, though this depends on specific details such as the type of business and how the truck is used. For typical business use, the truck's cost might be written off over several years through depreciation","Assuming your country is the United States there is.  See schedule C line 9 and the corresponding instructions.   There are many rules associated with this, in some cases the entire purchase can be written off but typically if the truck is only used for business.  Most people write off partial usage in the form of credits for mileage. You are best to consult with a CPA once your business earns a profit.  Good luck.",Direct,0.0,1.0,1.0,1.0,0.688660740852356,0.1879194630872483,0.3221476510067114,10.244294881820679,False
hybrid,1568,"If a company in China says it accepts Visa, does it accept all Visas?","If a company in China says it accepts Visa, it generally should accept all types of valid Visa cards, including credit, debit, and prepaid cards, according to Visa's rules. However, some businesses might specifically exclude certain types of Visa cards, such as Visa purchase cards, which are designed for corporate and government purchasing departments. Therefore, while a company claiming to accept Visa should accept most Visa cards,","Many businesses that accept regular VISA credit cards will not accept VISA purchase cards intended for corporate/gov purchasing departments and able to furnish a more detailed audit trail (purchase order #, lot #, etc.) than a regular credit card.  Other merchants take ONLY VISA purchase cards.",Direct,0.0,1.0,1.0,1.0,0.7424460649490356,0.24778761061946902,0.336283185840708,10.174129009246826,False
hybrid,1616,Is there ACH analogue in Asia?,"Yes, there are ACH analogues in Asia. For example, in India, the National Electronic Funds Transfer (NEFT) and Real Time Gross Settlement (RTGS) serve similar functions to ACH. Additionally, in China, there are CNAPS and BEPS, and in other countries like Singapore, Indonesia, Thailand, and Malaysia, there are systems like Giro that offer similar functionalities to","ACH as offered in US is a very broad and versatile network used for a range of business case. There is no other network as versatile. In Europe UK has BACS as equivalent about 50-70% of what US-ACH offers. Most European countries also have ACH [Collectively Called ACH, have 90% of the layouts that are identical, called by different names domestically, different business capabilities and rules]. Most countries in Asia also have similar networks. For example in India there is ECS now replaced by NACH. In Singapore/Indonesia/Thailand/Malaysia they have Giro's. China has CNAPS and BEPS. So essentially every country has addressed the business need differently and bis.org has a decent over-view country wise on the clearing systems available.",Direct,0.0,1.0,1.0,1.0,0.6157553195953369,0.1758241758241758,0.3463687150837989,10.617385625839233,False
hybrid,1629,Income At the Sell or Reception?,"The context does not provide specific information about income at the sell or reception. The passage discusses legal implications of business ownership in case of separation, and the mechanics of short selling stocks. To answer a question about income at the sell or reception, more specific details related to income in these scenarios would be needed.","It looks like fair-market value when you receive your virtual currency is counted as income. And you're also subject to self-employment tax on that income. Here's an FAQ from the IRS: Q-8: Does a taxpayer who “mines” virtual currency (for example, uses   computer resources to validate Bitcoin transactions and maintain the   public Bitcoin transaction ledger) realize gross income upon receipt   of the virtual currency resulting from those activities? A-8: Yes,   when a taxpayer successfully “mines” virtual currency, the fair market   value of the virtual currency as of the date of receipt is includible   in gross income. See Publication 525, Taxable and Nontaxable Income,   for more information on taxable income.Q-9: Is an individual who   “mines” virtual currency as a trade or business subject to   self-employment tax on the income derived from those activities? A-9:   If a taxpayer’s “mining” of virtual currency constitutes a trade or   business, and the “mining” activity is not undertaken by the taxpayer   as an employee, the net earnings from self-employment (generally,   gross income derived from carrying on a trade or business less   allowable deductions) resulting from those activities constitute   selfemployment income and are subject to the self-employment tax. See   Chapter 10 of Publication 334, Tax Guide for Small Business, for more   information on selfemployment tax and Publication 535, Business   Expenses, for more information on determining whether expenses are   from a business activity carried on to make a profit. You'd of course be able to offset that income with the expense of mining the virtual currency, depreciation of dedicated mining equipment, electricity, not sure what else. Edit: Here's a good resource on filing taxes with Bitcoin: Filling in the 1040 Income from Bitcoins and all crypto-currencies is   declared as either capital gains income or ordinary income, for   example from mining. Income Ordinary income will be declared on either   your 1040 (line 21 - Other Income) for an individual, or within your   Schedule C, if you are self-employed or have sole-proprietor business.   Capital Gains Capital gains income, or losses, are declared on   Schedule D. Since there are no reported 1099 forms from Bitcoin   exchanges, you will need to include your totals with Box C checked for   short-term gains, and with Box F checked for long-term gains. Interesting notes from that article, your first example could actually be trickier than expected if you started mining before there was a Monero to USD exchange. Also, there can also be capital gains implications from using your virtual currency to buy goods, which sounds like a pain to keep track of.",Direct,0.0,0.0,0.0,0.0,0.2795742154121399,0.07707910750507099,0.10833333333333332,9.708256721496582,False
hybrid,1630,Opening a bank account with cash: How should bills be presented?,"When opening a bank account with cash, the context suggests presenting the situation to banks, businesses, and the government as you would ""stack cash."" This implies presenting the need for a business account and explaining the nature of the business structure (partnership in this case) clearly to the bank. Present the requirement for a business account due to the nature of the partnership and the need to separate business finances from","Banks have electronic money counters so the order really doesn't matter. When I make a cash deposit that's large, I usually just put it in an envelope and hand it over.",Direct,0.0,0.46927872602275644,1.0,0.3333333333333333,0.3961712121963501,0.09615384615384616,0.1346153846153846,9.739668369293213,False
hybrid,1641,Value of a collateralized asset,"The value of a collateralized asset can be estimated by the reduction in interest rate that the business achieves by securing the loan with the asset. For instance, if securing a loan with a collateral reduces the interest rate from 17% to 10.5%, the value of the collateral would be the difference in these rates, which is 6.5%. This represents the savings in interest","You're not missing any concepts! It sounds like you are contributing a piece of collateral to the business, and you want to know a fair way to value how much this contribution of collateral is worth. Technically the economic answer would be the difference in interest between a secured loan and an unsecured loan.  So for example suppose that the business could get a loan at 17% without the collateral (maybe just on a credit card) but with the duplex as collateral it is able to get the loan at 10.5%. In principle, the value of this collateral is (17% - 10.5%) or 6.5%, because it has allowed the business to pay 6.5% less interest on its loan.",Direct,0.0,1.0,1.0,1.0,0.7293641567230225,0.29787234042553196,0.41269841269841273,10.60940670967102,False
hybrid,1653,FSA when a retirement agreement has been put into place,"When a retirement agreement has been put into place, the Flexible Spending Account (FSA) contributions continue to be deducted periodically from your paychecks until your retirement date. The employer can calculate these deductions to cover the full FSA amount before your last day of work, assuming they know this date in advance. This approach helps ensure that the entire FSA contribution is used up by the time you retire,","There's no reason for the employer not to deduct the whole amount before you leave. The FSA salary deduction has to be periodical, but it doesn't have to be calculated over a year. It just means that an equal amount will be deducted from your every paycheck, and if the employer (and you) know that your last paycheck is on June 30th even before the year starts - there's nothing to stop the employer from calculating the periodic payments so that it will cover your full FSA amount before you leave. That is, of course, other than mere convenience (it may be easier/cheaper to just give you the extra $1275 than to deal with the special case deduction calculation). This is different from unexpected termination/resignation, where the employer couldn't have made such an assumption and thus the periodic payments were calculated over a year. See pub. 969. The selection is annual - the deductions are periodical.",Direct,0.0,1.0,1.0,1.0,0.5696170330047607,0.19213973799126638,0.2597402597402597,10.673887968063354,False
hybrid,1658,Do any publically available documents from IR or SEC include all patents the company holds?,"No, publicly available documents from IR or SEC do not include a comprehensive list of all patents a company holds. Companies are not required to state all patent holdings as assets in their SEC filings. Patents are generally not detailed in SEC filings beyond aggregated categories like ""patents,"" if mentioned at all. For more detailed information on a company's patent holdings, one would need to search patent databases such as","""SEC filings do not contain this information, generally. You can find intangible assets on balance sheets, but not as detailed as writing down every asset separately, only aggregated at some level (may be as detailed as specifying """"patents"""" as a separate line, although even that I wouldn't count on). Companies may hold different rights to different patents in different countries, patents are being granted and expired constantly, and unless this is a pharma industry or a startup - each single patent doesn't have a critical bearing on the company performance.""",Direct,0.0,1.0,1.0,1.0,0.7063419818878174,0.18518518518518517,0.34355828220858897,9.797907590866089,False
hybrid,1660,"Why can we cancel cheques, but not Western Union transfers?","We can cancel checks because the payment has not yet been cashed by the recipient. The bank can reverse the transaction if it is canceled before the funds are withdrawn. However, with Western Union transfers, the transaction is completed when the cash is given to the recipient, making it impossible to retract afterward. By that point, the money has already been distributed, and Western Union has no way to contact the","When you send money with Western Union, it is essentially a cash transaction.  You supply Western Union with the name of the recipient and a location.  Your recipient then shows up at a Western Union office, shows some identification, and receives cash.  At this point, the transaction is over.  It is impossible to retract it at this point, because Western Union has already handed out cash, and they have no way of contacting the recipient any longer. This is the reason why you might want to legitimately use Western Union.  It is an instant way to send cash to anyone anywhere in the world.  Let's say that your best friend is stuck in a foreign land and desperately needs money.  You can give him cash just as fast as each of you can get to a Western Union office, and you don't even need a local bank account to do so. Unfortunately, however, the nature of the service also makes it useful for scammers.  You should never use this service to pay for something from someone you don't know, because there are absolutely no safeguards. As mentioned by user662852 in the comments, you can indeed cancel a Western Union money transfer if you do so before the money is picked up by the recipient.  But after they pick it up, the cash is gone.",Direct,0.0,1.0,1.0,1.0,0.7463833093643188,0.16107382550335572,0.3355704697986577,11.095690965652466,False
hybrid,1664,How detailed do itemized deductions have to be? (source needed),"Itemized deductions can vary in detail depending on the specific type of deduction. Generally, for most deductions, only a total amount needs to be listed on Schedule A. However, for certain deductions, such as medical expenses and noncash gifts to charity, more detailed information may be required and must be submitted on additional forms like Form 8283 if the value exceeds $500. The","""When you do your taxes, you have two choices for your deductions. You can take the standard deduction, or you can choose to itemize your deductions. If you itemize your deductions, you use Form 1040 Schedule A.  By looking at Schedule A, you can see the list of deductions that are itemized: On Schedule A itself, you only list a total for each of these broad categories. In some cases, this is sufficient detail. However, for certain deductions, finer detail may be required, and you may have to submit additional forms showing this detail. For example, on the medical expense line, you generally only list a total of medical expenses; details are only supplied to the IRS upon request. For noncash gifts to charity, you need to supply more details on Form 8283 if your gifts are worth more than $500.  These requirements can be found in the instructions for Schedule A. As noted by @Accumulation in the comments, the above deductions that are a part of your itemized deductions are called """"below the line"""" deductions (because they are subtracted after the adjusted gross income line) and are only able to be deducted if you choose to decline the standard deduction. There are other deductions that are available whether or not you itemize. These """"above the line"""" deductions are found on Form 1040 Lines 23-35. If you look at these lines on the form, you'll see the different types of deductions that are called out here. Some of these deductions require additional details on other forms; for example, the HSA deduction requires details on Form 8889.  If you have a business, your business expenses are not part of your itemized deductions at all, and do not appear on Schedule A anywhere. Instead, your business expenses get subtracted from your business's revenue, and the resulting profit (or loss) is what is reported on your Form 1040.  Different types of businesses report these expenses differently. If you have a sole proprietorship, the details of your business's expenses are reported on Schedule C. On this schedule, Part II is devoted to deductible business expenses. Take a look at Schedule C, and you'll see that Lines 8-27 are different categories of expenses that get called out on this schedule.""",Direct,0.0,1.0,1.0,1.0,0.8220459222793579,0.14414414414414414,0.21266968325791857,10.495714664459229,False
hybrid,1674,Has anyone compared an in-person Tax Advisor to software like Turbo Tax?,"Yes, someone has compared an in-person Tax Advisor to software like Turbo Tax. The user mentioned that for simple tax returns, TurboTax software produced results similar to those of a human accountant and at a much lower cost. Additionally, the accountant could not find any deductions that the program couldn't find. However, the user noted that for more complex situations involving businesses or wealthier individuals, the assistance of","Generally speaking no person or program is really going to be able to help you lower your current tax burden, most tax decisions are done well before you reach the tax time. You either qualify for the deduction/credit or your don't. Where a good accountant will really be able to help you out is in planning that will limit your future tax burden. Particularly if you run a small business or are very wealthy you will probably want to consider using an accountant. I would always avoid the large scale tax prep places like HR Block they provide the same or lower quality service for a higher price than the software. I run a small business and do my own taxes using turbo tax, but my business isn't overly complex Sole prop, no employees, couple 1099's simple expenses (nothing to amortize) etc.",Direct,0.0,1.0,1.0,0.3333333333333333,0.5948794484138489,0.12037037037037036,0.26046511627906976,10.536682605743408,False
hybrid,1718,What exactly is the interest rate that the Fed is going to adjust?,"The interest rate that the Fed is going to adjust is the Federal Funds Rate, which is the interest rate at which depository institutions lend reserve balances to other depository institutions on an overnight basis.","While it is true that if the Federal reserve bank makes a change in their rate there is not an immediate change in the other rates that impact consumers; there is some linkage between the federal rate, and the costs of banks and other lenders regarding borrowing money. Of course the cost of borrowing money does impact the costs for businesses looking to expand, which does impact their ability to hire more workers and expand capacity. A change in business expansion does impact employment and unemployment... Then changes in employment can cause a change in raises, which can cause changes in prices which is inflation... Plus the lenders that lend to business see the flow of new loans change as the employment outlook change.  If the costs of doing business for the bank changes or the flow of loans change, they do adjust the rates they pay depositors and the rates they charge borrowers... How long it will take to change the cost of an auto loan? No way to tell.  Keep in mind that in complex systems, change can be delayed, and won't move in lock step. For example the price of gas\s doesn't always move the same way a price of a barrel of oil does.",Direct,0.0,1.0,1.0,1.0,0.5576624870300293,0.10569105691056911,0.16260162601626016,7.017225742340088,False
hybrid,1741,What does inflation actually mean? [duplicate],"Inflation refers to the rate at which the general level of prices for goods and services is rising, and, subsequently, purchasing power is falling. When inflation occurs, each unit of currency buys fewer goods and services than it did before, leading to a decrease in the real value of money.","Inflation also provides incentives for consumers to purchase now rather than later (which helps drive sales) and it provides incentive for money to be invested and put back into businesses, rather than held as cash, because you need to earn at least a little interest on your money just to break even.",Direct,0.0,1.0,1.0,1.0,0.7844106554985046,0.17647058823529413,0.23529411764705882,8.631739616394043,False
hybrid,1746,Ways to avoid being labeled a pattern day trader,"Ways to avoid being labeled a pattern day trader include:

- Holding investments for longer periods rather than frequent day trading.
- Limiting the number of trades relative to total trading activity within a five-day period.
- Avoiding day trading frequently; for example, not engaging in an average of 20 buys and sells per day.
- Focusing on fewer stocks over a longer holding period to reduce","""Sorry but you already provided the answer to your own question.  The simple answer is to 'not day trade' but hold things for a longer period and don't trade a large number of different stocks every week. Seriously, have a look at the rules and see what it implies.. an average of 20 buys and sells of longer term positions PER DAY is a pretty fair bit of trading, that's really churning through the positions compared to someone who might establish positions with say 25 well picked stocks and might change even 5 of those a week to a different stock.  Or even a larger number of stocks but seeking to hold them for over a year so you get taxed at the long term cap gains rate. If you want to day trade, be prepared to be labeled as such and deal with your broker on that basis.  Not like they will hate you given all the fees you are likely to rack up.  And the government will love you also, since you'll be paying short term gains taxes.  (and trust me, us bogelheads appreciate the liquidity the speculative and short term folks bring to the market.) In terms of how it would impact you, Expect to be required to have a fairly substantial balance ($25K) if you are maintaining a margin account. I'd suggest reading this thread My account's been labeled as """"day trader"""" and I got a big margin call. What should I do? What trades can I place in the blocked period?""",Direct,0.0,1.0,1.0,1.0,0.5673710107803345,0.14153846153846153,0.21951219512195122,10.347931861877441,False
hybrid,1747,Is it bad etiquette to use a credit or debit card to pay for single figure amounts at the POS,"It is not a matter of etiquette but rather a consideration of costs and potential losses for the seller. Using a debit card for small transactions can be financially detrimental to the seller due to higher fees relative to the transaction amount. Therefore, while there is no formal etiquette against it, it is generally advised to avoid using debit or credit cards for very small purchases to prevent the seller from incurring significant fees that","It's fine.  Some people (including myself) charge any amount, no matter how small. I think charging small amounts is encouraged by no longer having to sign for small amounts (Not sure if this is state-by-state, though).   Somewhere, the transfering of digital money is being paid for - either in the merchant fees, an ATM fee, or my time in going to a bank or ATM where I will not be charged a fee.",Direct,0.0,0.7653606369886217,1.0,0.2,0.5848175287246704,0.14666666666666667,0.29530201342281887,10.598666429519653,False
hybrid,1753,"Better ways to invest money held by my small, privately-held Canadian corporation?","For a small, privately-held Canadian corporation looking to better invest its money, consider the following options:

1. **Business Expansion**: Reinvest profits into growing the business through expansion, diversification, or integration. This can include new product lines, market expansion, or technological upgrades.

2. **Bank Deposits**: For short-term liquidity needs, consider placing funds in a high-interest bank deposit to maintain","Since you are talking about a small firm, for the long term, it would be advisable to invest your money into the expansion - growth, diversification, integration - of your business. However, if your intention is to make proper use of your earnings in the short term, a decent bank deposit would help you to increase the credit line for your business with the benefit of having a high enough liquidity. You can also look at bonds and other such low risk instruments to protect your assets.",Direct,0.0,0.38685280723454163,0.5,0.5,0.66410231590271,0.2191780821917808,0.30344827586206896,10.605797529220581,False
hybrid,1780,Deferring claim of significant purchase of RRSPs,"You can defer the tax deduction for significant RRSP purchases, but you must ensure you have the contribution room available in the year you make the purchase. If you have $50,000 of contribution room, you can contribute $50,000 all at once and then claim a portion of the deduction over the next three years. For example, you could claim $16","You can't defer reporting of the RRSP purchases.  The financial institution will report those purchases to CRA, and the CRA expects to see you report those purchases on your return.  If they don't match, expect to be audited and to pay penalties.  However, you can defer the tax deduction of those purchases until later years. That means you but you must have the RRSP contribution room available in the year you make the purchase.  So if you have $50 000 of contribution room, you can contribute $50 000 all at once and deduct $16 667 in the next 3 years.  However, if you only have $20 000 of contribution room, CRA will make your life very unhappy if you contribute $50 000 all at once.  In that case, your best bet is to contribute enough to use all your contribution room and repeat each year as you get more contribution room. Also, you have a $2000 lifetime overcontribution limit.  That means whatever contribution room you have, you can contribute $2000 more.  But you won't be able to deduct that amount, and you don't get more overcontribution space each year.",Direct,0.0,1.0,1.0,1.0,0.832243800163269,0.34509803921568627,0.3843137254901961,10.560717821121216,False
hybrid,1789,Why do some stocks have trading halts and what causes them?,"Some stocks have trading halts typically when a company is about to release significant news to the market. This is done to prevent speculative trading that could drive the stock price up or down prematurely. Trading halts ensure that all relevant information is available to the public before the market reacts to it. Common reasons for these halts include earnings updates, acquisitions, mergers, or takeover bids.","The company may have put a trading halt due to many reasons, most of the time it is because the company is about to release some news to the market. To stop speculation driving the price up or down, it puts a halt on trading until it can get all the information together and release it to the market. This could be news about an earnings update, a purchase of other businesses, a merger with another business, or a takeover bid, just to name a few.",Direct,0.0,1.0,1.0,1.0,0.8459550142288208,0.4210526315789474,0.4605263157894737,10.541277408599854,False
hybrid,1846,How can my friend send $3K to me without using Paypal?,"Your friend can send $3K to you without using PayPal by using Western Union. They would need to go to a Western Union office, provide the necessary information for you as the recipient, and hand over the $3,000. You would then need to visit a nearby Western Union office to collect the cash once you show proper identification.","Many banks offer online payment. He can add a payee and just type your name and address in. The bank will mail the check out if they cannot deliver payment electronically. Edit: Recently I came across this (Citibank Global Transfer), you and your friend should see if your bank offers a similar service. Citibank requires both of you to have an account with them.",Direct,0.0,0.0,0.0,0.0,0.5783132314682007,0.11382113821138211,0.1951219512195122,9.042651414871216,False
hybrid,1864,How can I diversify investments across currencies in ISA?,"The provided context does not directly address diversification across currencies in ISAs. To diversify investments across currencies within an ISA, you would need to consider investment vehicles that offer exposure to different currencies, such as foreign exchange funds, global equity funds, or international bond funds. You should also check if your chosen ISA provider offers these types of investments and whether they are eligible for ISA wrapping. Additionally, ensure",You have to check if the investment vehicle you are planning to buy is acceptable for ISA on a case by case. Then if it is allowed by HMRC you have to check that your ISA provider offers those products (the mainstream providers might offer a more limited range of products and you might have to go to change your provider),Direct,0.0,0.6131471927654584,1.0,0.5,0.5949363708496094,0.2,0.3076923076923077,10.66989803314209,False
hybrid,1874,Is it necessary to pay tax if someone lends me money to put into my mortgage?,"Yes, it is necessary to pay tax if you receive a loan from a family member to put into your mortgage, according to the context provided. The IRS requires that any such loan be charged interest, even if the rate is minimal. The interest paid by you to the lender would be considered taxable income for you.","This answer is specifically for the UK, but one building society has an account set up specifically for this. You actually refer your friend/family member to set up an account and then it can be linked to your mortgage. They don't get any interest for their account as it's all offset against your mortgage. If you then happen to give them a cash gift (up to £250 or possibly £3000 per year, I can't work out which is the reliable number, as of 2015) then it's all completely above board.",Direct,0.0,0.23463936301137822,0.3333333333333333,0.3333333333333333,0.5601394176483154,0.17105263157894735,0.27631578947368424,10.045676946640015,False
hybrid,1887,What are the opportunities/implications of having a designated clearing bank in my home country?,"Having a designated clearing bank in your home country can offer several opportunities and implications:

1. **Enhanced Traceability and Accountability**: A designated clearing bank can help ensure better traceability of transactions, which is crucial for compliance and audit purposes. This can reduce the risk of misappropriation of funds and improve overall financial governance.

2. **Improved Security**: Clearing through a national bank can enhance security","For an individual there will not be much impact immediately. This arrangement will help Corporates and Banks settle payments more easily. - It would typically help companies dealing with Yuan [Buying or selling to China or Countries that accept Yuan as payment] to make payments at a cheaper cost & in less time. - In the near future it would make it easier for companies to invest more into China financial markets - It would also open up / create new market for derivatives and other allied products - It would also make Singapore a market place for Yuan outside China [and Hong Kong] resulting in more money and related product. In a related move this would make it easy for Singapore Central Bank to invest in China.   Once the markets matures more, there could be some products for Individuals.",Direct,0.0,0.0,0.0,0.0,0.39869821071624756,0.0909090909090909,0.13861386138613863,10.632322072982788,False
hybrid,1893,How do I use investments to lower my taxes [US]?,"To use investments to lower your taxes in the United States, consider the following strategies:

1. **Hold Investments**: For most investments, you generally do not pay taxes on gains until you sell them and realize the gain. This allows you to defer taxes on capital gains.

2. **Traditional IRA**: Contribute to a traditional IRA, which allows you to reduce your taxable income for the year you make","Probably the biggest tax-deferment available to US workers is through employee-sponsored investment plans like the 401k.  If you meet the income limits, you could also use a Traditional IRA if you do not have a 401k at work.  But keep in mind that you are really just deferring taxes here.  The US Government will eventually get their due. :) One way which you may find interesting is by using 529 plans, or other college investment plans, to save for your child's (or your) college expenses.  Generally, contributions up to a certain amount are deductible on your state taxes, and are exempt from Federal and State taxes when used for qualifying education expenses.  The state deduction can lower your taxes and help you save for college for your children, if that is a desire of yours.",Direct,0.0,1.0,1.0,1.0,0.5566350221633911,0.17647058823529413,0.3168316831683169,11.40904951095581,False
hybrid,1906,Taking out a loan to pay down a mortgage,"Taking out a loan to pay down a mortgage is generally not recommended according to the context provided. The document suggests that paying down debt directly, rather than using savings or loans, is the better financial decision due to the low return on savings accounts compared to the interest saved on the mortgage. Additionally, the context indicates that banks may not approve additional loans if they perceive too much existing debt or if the loan","You're not crazy, but the banks are. Here's the problem: You're taking 100% LTV on property A - you won't be able to get a second mortgage for more than 80% total (including the current mortgage) LTV. That's actually something I just recently learned from my own experience. If the market is bad, the banks might even lower the LTV limit further. So essentially, at least 20% of your equity in A will remain on the paper. Banks don't like seeing the down-payment coming from anywhere other than your savings. Putting the downpayment from loan proceeds, even if not secured by the property which you're refinancing, will probably scare banks off. How to solve this? Suggest to deal with it as a business, putting both properties under a company/LLC, if possible. It might be hard to change the titles while you have loans on your properties, but even without it - deal with it as if it is a business. Approach your bank for a business loan - either secured by A or unsecured, and another investment loan for B. Describe your strategy to the banker (preferably a small community bank in the area where the properties are), and how you're going to fund the properties. You won't get rates as low as you have on A (3.25% on investment loan? Not a chance, that one is a keeper), but you might be able to get rid of the balloon/variable APR problem.",Direct,0.0,0.38685280723454163,0.5,0.5,0.5162627696990967,0.1345565749235474,0.21276595744680854,11.429510116577148,False
hybrid,1931,Switch from DINK to SIWK: How do people afford kids?,"Switching from DINK (Dual Income No Kids) to SIWK (Single Income With Kids), people often face significant financial challenges. Initially, they may need to adjust their spending habits and budget more carefully, especially when considering tax deductions related to having children. High-income individuals might manage without major sacrifices, but those with lower incomes often must make substantial changes to their lifestyle. This could include buying a","""It is simple: G-d provides :). EDIT: By """"it"""" I mean the answer to the question asked. Raising kids is not so simple; G-d does provide :).""",Direct,0.0,0.46927872602275644,1.0,0.1111111111111111,0.24025863409042358,0.0425531914893617,0.04395604395604395,10.54890489578247,False
hybrid,1938,How to distinguish gift from payment for the service?,"To distinguish a gift from payment for a service, the key factors are intent and documentation:

1. **Intent**: The giver must intend to provide a gift without expecting anything in return. There should be no expectation of services or goods in exchange for the gift.

2. **Documentation**: Proper documentation should reflect the nature of the transaction. If the transaction is recorded as a payment for services, it cannot","All of this assumes that this relationship isn't as employer-employee relationship, which would require you to withhold taxes. If you send them a small token of appreciation, and you are unable to record it as a business expense, or some other deductible expense, you don't have to be concerned about how they claim it. They decide if they want to risk claiming it was a gift, or if they want to record it as an expense. Even if you say some magic phrase that you think will impress the IRS, the recipient can still decide declare it as income. To have any hope of being able to treat it as a gift they would have to be able to demonstrate that there is a non-business relationship.  If you can claim it as a business expense, or a deductible expense,  they will have to also claim it as income; because your documentation could point the IRS to their lack of documentation.  Giving them a check or sending the payment electronically will require them to claim it as an income, since an audit could require them to explain every line on their bank statements.",Direct,0.0,0.7039180890341347,1.0,0.6666666666666666,0.6676013469696045,0.12121212121212122,0.1984732824427481,10.476006746292114,False
hybrid,1952,What happened when the dot com bubble burst?,"When the dot com bubble burst, many dot com companies that had inflated their revenues through barter transactions and other accounting shenanigans saw their stock prices plummet. Investors, who had poured money into these companies believing in the continued rapid growth of the internet and the associated technologies, found themselves with significantly devalued investments.

Companies like Cisco, which benefited from the increased demand for networking gear during the boom","""The dot.com companies were purveyors of the Internet, then a """"new"""" technology around 2000. Everyone """"knows"""" that such a new technology will change the economy and society. What people didn't know at the time was WHICH companies would be the leaders/beneficiaries of such change. So investors pushed up the stock prices of ALMOST ALL companies in the """"space."""" Any ONE (or two or three) companies can benefit from such a new technology. But not ALL of them can: It's something called the """"fallacy of composition."""" That is, there can be one or two Googles (or Microsoft of a previous era), but not 100 of them. Most of the other 98 will go bust. Those were victims of the bubble that affected all, including the successful ones. It's a bit like the California gold rush. Maybe one of 10 miners got """"rich"""" (or at least moderately wealthy). The other 90% died heartbroken, trying.""",Direct,0.0,1.0,1.0,0.42857142857142855,0.6993045806884766,0.1504424778761062,0.21238938053097348,11.584524154663086,False
hybrid,1977,Square reported my credit card transactions as personal income?,"No, Square did not report your credit card transactions as personal income. Square reported the amount of money they sent you as an expense for their own tax purposes. The IRS matched this expense against your reported income, and found a discrepancy, which led them to assume unreported income on your part.","Square is a company. They need to detail as part of their corporate taxes all of their expenses. The money they collected for you, and sent to you, is not income for themselves. Their tax form included the amount of money they sent you, along with either your Social Security Number of corporate tax id. The IRS computers match the information regarding expenses to the information regarding income. In this case the expense listed by Square didn't match-up with a line of your tax forms for that year. The IRS now sees that as unreported income. If you didn't tell them about other expenses you had, they can only assume your expenses were zero.  Congratulations you have a business. Unfortunately the Federal, state and local governments now will want to know about your business. You may have to fill out multiple years worth of tax forms and other required forms. Yes, you should getting professional accounting and tax help.",Direct,0.0,1.0,1.0,1.0,0.7043190002441406,0.19626168224299065,0.3004694835680751,9.022931575775146,False
hybrid,1983,In-laws moving in (financial/tax implications)?,"In-laws moving in can have significant financial and tax implications. Here are key points to consider:

1. **Ownership and Rental Agreement**: Clarify the ownership of the new house. If the in-laws are paying rent, it should be treated as a rental agreement. Ensure there is a formal lease or agreement outlining the terms, including the percentage of expenses they cover.

2. **Tax Ded","""You are """"pool[ing] the sales from both houses as downpayment on the new house."""" But they are going to pay you rent.  Your question as it stands, just opens more questions. What, exactly is the ownership of the new house? If your's (and your wife's) was the money a gift?  Ignoring the gift, if that's what it is, and if the in-law suite is 25% of the house value, you have a rental. You claim 25% of the expenses, including property tax and mortgage interest, along with 25% of the utilities, unless their part has its own meters.  That's a start, if you add details, I may edit my answer. (Not to be pedantic, but whose parents are they. They can't be """"our in-laws,"""" can they?)""",Direct,0.0,0.6934264036172708,0.5,1.0,0.6762616634368896,0.18090452261306533,0.31794871794871793,11.121479988098145,False
hybrid,2006,Blog income taxes?,"Blog income taxes can be calculated by first determining the base income from your day job, which is subject to the standard progressive tax rates. Any additional income from blogging would be considered taxable income and added on top of this amount. For example, if you earn $120K from your day job and $30K from blogging, your total taxable income would be $150K.","If thinking about it like a business you normally only pay taxes on Net income, not gross.  So Gross being all the money that comes in. People giving you cash, checks, whatever get deposited into your account. You then pay that out to other people for services, advertisement. At the end of the day what is left would be your 'profit' and you would be expected to pay income tax on that.  If you are just an individual and don't have an LLC set up or any business structure you would usually just have an extra page to fill out on your taxes with this info. I think it's a schedule C but not 100%",Direct,0.0,0.38685280723454163,0.5,0.5,0.4397144913673401,0.15555555555555556,0.2777777777777778,10.467348337173462,False
hybrid,2032,Where can I find all public companies' information?,"You can find information on all public companies through several sources:

1. **SEC's Edgar Online**: Public companies post their forms here, containing financial data.
2. **Wolfram Alpha**: Connected to thousands of searchable databases, including financial ones. You can search for lists of public companies and get detailed information about specific companies.
3. **Yahoo Finance**: Offers free access to financial information, ratios","Moody's is now Mergent Online. It's no longer being printed, and must be accessed digitally. In order to browse the database, check with your local public library or university to see if you can get access. (A University will probably require you to visit for access).  Another good tool is Value Line Reports. They are printed information sheets on public companies that are updated regularly, and are convenient for browsing and for comparing securities. Again, check your local libraries.  A lot of the public information you may be looking for can be found on Yahoo Finance, for free, from home. Yahoo finance, will give financial information, ratios, news, filings, analysis, all in one place.",Direct,0.0,1.0,1.0,0.75,0.5997099876403809,0.19101123595505615,0.30337078651685395,10.005110025405884,False
hybrid,2048,"If I'm going to start doing my own taxes soon, do I need to start keeping receipts for everything?","If you're going to start doing your own taxes soon and you plan to itemize your deductions, you should start keeping receipts for anything you plan to claim. For most people, especially college students, the standard deduction is likely to be higher than their itemized deductions, so they won't need to keep receipts. However, if you anticipate your itemized deductions will exceed the standard deduction, you should","You need receipts only if you claim deductions in the itemized deductions section based on them. You itemize deductions only if your claims exceed the standard deduction (which for a single person was $5,800 last year). Even then, you need receipts for everything only if you claim sales tax as the deduction (you have to buy really a lot to pass $5K with sales tax...). I would expect people to pay more in state income taxes than sales taxes (you can claim either this or that, not both). For food - there are no taxes (at least here in California), so nothing to deduct anyway. In any case, you can always scan your receipts and keep them in the computer, for just in case, but IMHO it's waste of time, pixels and gigabytes. Here's a question which deals with the same issue, read the answers there as well.",Direct,0.0,1.0,1.0,0.75,0.7955387830734253,0.18264840182648398,0.33636363636363636,10.044952869415283,False
hybrid,2062,How would I use Google Finance to find financial data about LinkedIn & its stock?,"To find financial data about LinkedIn & its stock on Google Finance, follow these steps:

1. Go to Google Finance (finance.google.com).
2. In the search bar, type ""LinkedIn"" and select the company from the search results.
3. On the LinkedIn company page, you can find various financial data points including:
   - Stock price
   - Market capitalization
   - Earnings","""Remember that """"earned"""" means """"earned in profit."""" A company like LinkedIn may not be trying to earn any profit, because they believe that they are at the stage in their development where the best thing to do with excess cash is to reinvest it in growing the business. Therefore, profit may not be the best metric at this stage in the company's life cycle.""",Direct,0.0,0.2960819109658652,0.5,0.2,0.4321027100086212,0.1322314049586777,0.16129032258064516,10.0232675075531,False
hybrid,2096,Book capital losses in gnucash,"In Gnucash, book capital losses are recorded as negative transactions against the ""Income:Capital Gains"" account. This follows the model described in the context provided.","According to the gnucash guide, losses are recorded as negative transactions against Income:Capital Gains.  I've followed this model in the past when dealing with stocks and commodities.  If on the other hand, you're talking about an asset which could normally follow a depreciation schedule, you might want to look at the section in the business guide dealing with asset depreciation.",Direct,0.0,0.6131471927654584,1.0,0.5,0.854851245880127,0.36363636363636365,0.409090909090909,6.465302467346191,False
hybrid,2141,How do you declare revenues from YouTube earnings in the USA if you are a minor?,"If you are a minor receiving earnings from YouTube and are required to file taxes, the process would typically involve the following steps:

1. **Receive the 1099-MISC**: YouTube will issue a 1099-MISC form to you, which reports the income they paid to you during the tax year.

2. **Provide Information to Your Guardian or Parent**: Since minors cannot","In the USA, you probably owe Self Employment Tax. The cutoff for tax on this is 400$. You will need to file a tax return and cover the medicaid expenses as if you were both the employer and employee.  In addition, if he earns income from self-employment, he may owe Self-Employment Tax, which means paying both the employee’s and employer's share of Social Security and Medicaid taxes. The trigger for Self Employment Tax has been $400 since 1990, but the IRS may change that in the future. Also see the IRS website.  So yes, you need to file your taxes. How much you will pay is determined by exactly how much your income is.  If you don't file, you probably won't be audited, however you are breaking the law and should be aware of the consequences.",Direct,0.0,0.6131471927654584,1.0,0.5,0.17503517866134644,0.1386138613861386,0.23232323232323232,11.484694719314575,False
hybrid,2166,What are the alternatives to compound interest for a Muslim?,"For a Muslim, alternatives to compound interest include investing in Shariah-compliant ventures where returns come from shared profits rather than fixed interest rates. This can involve direct investments in agriculture or shares within agricultural enterprises. In such investments, profits compound through activities like livestock reproduction, where the initial investment grows through natural processes without involving interest-based financial instruments. Additionally, there are various Shariah-compliant investment options available",Invest in growth stocks which do not pay any dividends (Note that some part of the dividends issued by a corporation might be from interest received by the company and passed on to you as a dividend); Buy a house from a bank that practices Islamic Banking. See this question which you yourself answered a few weeks ago to understand how this works.,Direct,0.0,1.0,1.0,0.3333333333333333,0.5988583564758301,0.07575757575757576,0.10852713178294573,10.938642263412476,False
